date,family,sales
2015-01-01,BEVERAGES,3528.0
2015-01-02,BEVERAGES,111353.0
2015-01-03,BEVERAGES,110296.0
2015-01-04,BEVERAGES,122463.0
2015-01-05,BEVERAGES,88624.0
2015-01-06,BEVERAGES,73243.0
2015-01-07,BEVERAGES,73468.0
2015-01-08,BEVERAGES,66253.0
2015-01-09,BEVERAGES,69734.0
2015-01-10,BEVERAGES,98179.0
2015-01-11,BEVERAGES,123002.0
2015-01-12,BEVERAGES,72239.0
2015-01-13,BEVERAGES,63328.0
2015-01-14,BEVERAGES,66153.0
2015-01-15,BEVERAGES,60565.0
2015-01-16,BEVERAGES,70884.0
2015-01-17,BEVERAGES,105951.0
2015-01-18,BEVERAGES,112461.0
2015-01-19,BEVERAGES,70342.0
2015-01-20,BEVERAGES,58100.0
2015-01-21,BEVERAGES,61233.0
2015-01-22,BEVERAGES,54953.0
2015-01-23,BEVERAGES,63469.0
2015-01-24,BEVERAGES,96166.0
2015-01-25,BEVERAGES,105923.0
2015-01-26,BEVERAGES,60931.0
2015-01-27,BEVERAGES,52079.0
2015-01-28,BEVERAGES,58011.0
2015-01-29,BEVERAGES,50044.0
2015-01-30,BEVERAGES,68934.0
2015-01-31,BEVERAGES,105212.0
2015-02-01,BEVERAGES,123239.0
2015-02-02,BEVERAGES,74256.0
2015-02-03,BEVERAGES,71036.0
2015-02-04,BEVERAGES,64450.0
2015-02-05,BEVERAGES,62577.0
2015-02-06,BEVERAGES,72859.0
2015-02-07,BEVERAGES,97983.0
2015-02-08,BEVERAGES,94395.0
2015-02-09,BEVERAGES,64997.0
2015-02-10,BEVERAGES,60081.0
2015-02-11,BEVERAGES,60369.0
2015-02-12,BEVERAGES,63431.0
2015-02-13,BEVERAGES,86290.0
2015-02-14,BEVERAGES,103490.0
2015-02-15,BEVERAGES,74875.0
2015-02-16,BEVERAGES,75002.0
2015-02-17,BEVERAGES,81193.0
2015-02-18,BEVERAGES,76071.0
2015-02-19,BEVERAGES,61469.0
2015-02-20,BEVERAGES,77607.0
2015-02-21,BEVERAGES,97337.0
2015-02-22,BEVERAGES,119559.0
2015-02-23,BEVERAGES,67447.0
2015-02-24,BEVERAGES,63167.0
2015-02-25,BEVERAGES,60108.0
2015-02-26,BEVERAGES,52844.0
2015-02-27,BEVERAGES,67085.0
2015-02-28,BEVERAGES,96695.0
2015-03-01,BEVERAGES,120531.0
2015-03-02,BEVERAGES,75597.0
2015-03-03,BEVERAGES,68631.0
2015-03-04,BEVERAGES,67758.0
2015-03-05,BEVERAGES,64200.0
2015-03-06,BEVERAGES,72164.0
2015-03-07,BEVERAGES,105999.0
2015-03-08,BEVERAGES,109904.0
2015-03-09,BEVERAGES,72537.0
2015-03-10,BEVERAGES,69134.0
2015-03-11,BEVERAGES,65135.0
2015-03-12,BEVERAGES,58096.0
2015-03-13,BEVERAGES,69359.0
2015-03-14,BEVERAGES,100108.0
2015-03-15,BEVERAGES,103675.0
2015-03-16,BEVERAGES,67787.0
2015-03-17,BEVERAGES,56083.0
2015-03-18,BEVERAGES,51117.0
2015-03-19,BEVERAGES,51270.0
2015-03-20,BEVERAGES,65964.0
2015-03-21,BEVERAGES,99110.0
2015-03-22,BEVERAGES,100532.0
2015-03-23,BEVERAGES,67213.0
2015-03-24,BEVERAGES,56124.0
2015-03-25,BEVERAGES,56342.0
2015-03-26,BEVERAGES,53874.0
2015-03-27,BEVERAGES,69563.0
2015-03-28,BEVERAGES,91796.0
2015-03-29,BEVERAGES,92581.0
2015-03-30,BEVERAGES,59422.0
2015-03-31,BEVERAGES,58428.0
2015-04-01,BEVERAGES,72437.0
2015-04-02,BEVERAGES,75373.0
2015-04-03,BEVERAGES,79073.0
2015-04-04,BEVERAGES,100278.0
2015-04-05,BEVERAGES,97667.0
2015-04-06,BEVERAGES,74249.0
2015-04-07,BEVERAGES,69443.0
2015-04-08,BEVERAGES,66312.0
2015-04-09,BEVERAGES,59861.0
2015-04-10,BEVERAGES,72353.0
2015-04-11,BEVERAGES,101645.0
2015-04-12,BEVERAGES,107316.0
2015-04-13,BEVERAGES,69918.0
2015-04-14,BEVERAGES,56924.0
2015-04-15,BEVERAGES,62284.0
2015-04-16,BEVERAGES,58135.0
2015-04-17,BEVERAGES,69325.0
2015-04-18,BEVERAGES,104019.0
2015-04-19,BEVERAGES,111810.0
2015-04-20,BEVERAGES,70266.0
2015-04-21,BEVERAGES,61786.0
2015-04-22,BEVERAGES,65191.0
2015-04-23,BEVERAGES,60910.0
2015-04-24,BEVERAGES,73523.0
2015-04-25,BEVERAGES,102105.0
2015-04-26,BEVERAGES,104082.0
2015-04-27,BEVERAGES,66069.0
2015-04-28,BEVERAGES,57552.0
2015-04-29,BEVERAGES,66330.0
2015-04-30,BEVERAGES,70911.0
2015-05-01,BEVERAGES,108439.0
2015-05-02,BEVERAGES,115923.0
2015-05-03,BEVERAGES,118220.0
2015-05-04,BEVERAGES,82034.0
2015-05-05,BEVERAGES,73822.0
2015-05-06,BEVERAGES,72650.0
2015-05-07,BEVERAGES,70516.0
2015-05-08,BEVERAGES,76100.0
2015-05-09,BEVERAGES,120977.0
2015-05-10,BEVERAGES,103419.0
2015-05-11,BEVERAGES,100265.0
2015-05-12,BEVERAGES,86067.0
2015-05-13,BEVERAGES,87980.0
2015-05-14,BEVERAGES,76833.0
2015-05-15,BEVERAGES,88813.0
2015-05-16,BEVERAGES,138256.0
2015-05-17,BEVERAGES,160410.0
2015-05-18,BEVERAGES,91905.0
2015-05-19,BEVERAGES,84465.0
2015-05-20,BEVERAGES,85446.0
2015-05-21,BEVERAGES,81561.0
2015-05-22,BEVERAGES,86392.0
2015-05-23,BEVERAGES,128075.0
2015-05-24,BEVERAGES,147438.0
2015-05-25,BEVERAGES,142885.0
2015-05-26,BEVERAGES,119315.0
2015-05-27,BEVERAGES,130646.0
2015-05-28,BEVERAGES,110606.0
2015-05-29,BEVERAGES,142542.0
2015-05-30,BEVERAGES,222684.0
2015-05-31,BEVERAGES,279416.0
2015-06-01,BEVERAGES,177796.0
2015-06-02,BEVERAGES,158218.0
2015-06-03,BEVERAGES,148618.0
2015-06-04,BEVERAGES,129861.0
2015-06-05,BEVERAGES,139106.0
2015-06-06,BEVERAGES,203812.0
2015-06-07,BEVERAGES,256266.0
2015-06-08,BEVERAGES,153741.0
2015-06-09,BEVERAGES,133264.0
2015-06-10,BEVERAGES,131189.0
2015-06-11,BEVERAGES,108538.0
2015-06-12,BEVERAGES,130983.0
2015-06-13,BEVERAGES,193557.0
2015-06-14,BEVERAGES,231832.0
2015-06-15,BEVERAGES,147746.0
2015-06-16,BEVERAGES,144085.0
2015-06-17,BEVERAGES,137699.0
2015-06-18,BEVERAGES,117815.0
2015-06-19,BEVERAGES,149341.0
2015-06-20,BEVERAGES,213946.0
2015-06-21,BEVERAGES,189656.0
2015-06-22,BEVERAGES,155611.0
2015-06-23,BEVERAGES,134868.0
2015-06-24,BEVERAGES,129511.0
2015-06-25,BEVERAGES,112540.0
2015-06-26,BEVERAGES,129554.0
2015-06-27,BEVERAGES,189444.0
2015-06-28,BEVERAGES,233445.0
2015-06-29,BEVERAGES,143810.0
2015-06-30,BEVERAGES,141374.0
2015-07-01,BEVERAGES,178850.0
2015-07-02,BEVERAGES,150691.0
2015-07-03,BEVERAGES,167561.0
2015-07-04,BEVERAGES,231442.0
2015-07-05,BEVERAGES,222054.0
2015-07-06,BEVERAGES,163773.0
2015-07-07,BEVERAGES,133971.0
2015-07-08,BEVERAGES,148297.0
2015-07-09,BEVERAGES,126515.0
2015-07-10,BEVERAGES,134557.0
2015-07-11,BEVERAGES,175384.0
2015-07-12,BEVERAGES,205222.0
2015-07-13,BEVERAGES,138442.0
2015-07-14,BEVERAGES,128372.0
2015-07-15,BEVERAGES,132498.0
2015-07-16,BEVERAGES,123396.0
2015-07-17,BEVERAGES,135501.0
2015-07-18,BEVERAGES,180644.0
2015-07-19,BEVERAGES,198112.0
2015-07-20,BEVERAGES,143393.0
2015-07-21,BEVERAGES,124720.0
2015-07-22,BEVERAGES,123891.0
2015-07-23,BEVERAGES,110462.0
2015-07-24,BEVERAGES,130521.0
2015-07-25,BEVERAGES,179044.0
2015-07-26,BEVERAGES,198840.0
2015-07-27,BEVERAGES,135793.0
2015-07-28,BEVERAGES,121059.0
2015-07-29,BEVERAGES,124694.0
2015-07-30,BEVERAGES,111569.0
2015-07-31,BEVERAGES,139862.0
2015-08-01,BEVERAGES,223619.0
2015-08-02,BEVERAGES,226146.0
2015-08-03,BEVERAGES,164279.0
2015-08-04,BEVERAGES,146430.0
2015-08-05,BEVERAGES,145053.0
2015-08-06,BEVERAGES,122278.0
2015-08-07,BEVERAGES,141550.0
2015-08-08,BEVERAGES,174314.0
2015-08-09,BEVERAGES,147786.0
2015-08-10,BEVERAGES,169813.0
2015-08-11,BEVERAGES,135807.0
2015-08-12,BEVERAGES,135600.0
2015-08-13,BEVERAGES,115113.0
2015-08-14,BEVERAGES,171899.0
2015-08-15,BEVERAGES,217135.0
2015-08-16,BEVERAGES,208213.0
2015-08-17,BEVERAGES,149741.0
2015-08-18,BEVERAGES,132609.0
2015-08-19,BEVERAGES,131368.0
2015-08-20,BEVERAGES,120312.0
2015-08-21,BEVERAGES,138317.0
2015-08-22,BEVERAGES,177761.0
2015-08-23,BEVERAGES,195491.0
2015-08-24,BEVERAGES,144581.0
2015-08-25,BEVERAGES,130586.0
2015-08-26,BEVERAGES,130276.0
2015-08-27,BEVERAGES,115548.0
2015-08-28,BEVERAGES,138499.0
2015-08-29,BEVERAGES,196492.0
2015-08-30,BEVERAGES,223201.0
2015-08-31,BEVERAGES,165371.0
2015-09-01,BEVERAGES,201878.0
2015-09-02,BEVERAGES,187208.0
2015-09-03,BEVERAGES,160764.0
2015-09-04,BEVERAGES,168572.0
2015-09-05,BEVERAGES,254856.0
2015-09-06,BEVERAGES,288474.0
2015-09-07,BEVERAGES,184317.0
2015-09-08,BEVERAGES,155460.0
2015-09-09,BEVERAGES,154908.0
2015-09-10,BEVERAGES,132801.0
2015-09-11,BEVERAGES,152567.0
2015-09-12,BEVERAGES,228446.0
2015-09-13,BEVERAGES,264504.0
2015-09-14,BEVERAGES,167985.0
2015-09-15,BEVERAGES,157006.0
2015-09-16,BEVERAGES,164646.0
2015-09-17,BEVERAGES,138240.0
2015-09-18,BEVERAGES,149665.0
2015-09-19,BEVERAGES,226917.0
2015-09-20,BEVERAGES,269952.0
2015-09-21,BEVERAGES,171329.0
2015-09-22,BEVERAGES,147748.0
2015-09-23,BEVERAGES,151735.0
2015-09-24,BEVERAGES,130493.0
2015-09-25,BEVERAGES,151268.0
2015-09-26,BEVERAGES,220853.0
2015-09-27,BEVERAGES,263863.0
2015-09-28,BEVERAGES,158953.0
2015-09-29,BEVERAGES,139997.0
2015-09-30,BEVERAGES,151850.0
2015-10-01,BEVERAGES,170270.0
2015-10-02,BEVERAGES,179072.0
2015-10-03,BEVERAGES,266772.0
2015-10-04,BEVERAGES,293128.0
2015-10-05,BEVERAGES,180680.0
2015-10-06,BEVERAGES,153568.0
2015-10-07,BEVERAGES,152723.0
2015-10-08,BEVERAGES,135449.0
2015-10-09,BEVERAGES,198341.0
2015-10-10,BEVERAGES,202425.0
2015-10-11,BEVERAGES,239775.0
2015-10-12,BEVERAGES,171553.0
2015-10-13,BEVERAGES,126001.0
2015-10-14,BEVERAGES,142303.0
2015-10-15,BEVERAGES,120661.0
2015-10-16,BEVERAGES,145065.0
2015-10-17,BEVERAGES,217293.0
2015-10-18,BEVERAGES,255640.0
2015-10-19,BEVERAGES,154403.0
2015-10-20,BEVERAGES,138062.0
2015-10-21,BEVERAGES,135597.0
2015-10-22,BEVERAGES,114266.0
2015-10-23,BEVERAGES,136944.0
2015-10-24,BEVERAGES,196368.0
2015-10-25,BEVERAGES,247406.0
2015-10-26,BEVERAGES,146756.0
2015-10-27,BEVERAGES,119431.0
2015-10-28,BEVERAGES,120395.0
2015-10-29,BEVERAGES,110449.0
2015-10-30,BEVERAGES,136186.0
2015-10-31,BEVERAGES,200340.0
2015-11-01,BEVERAGES,178923.0
2015-11-02,BEVERAGES,166253.0
2015-11-03,BEVERAGES,233975.0
2015-11-04,BEVERAGES,175193.0
2015-11-05,BEVERAGES,136033.0
2015-11-06,BEVERAGES,139532.0
2015-11-07,BEVERAGES,200149.0
2015-11-08,BEVERAGES,248989.0
2015-11-09,BEVERAGES,147662.0
2015-11-10,BEVERAGES,133410.0
2015-11-11,BEVERAGES,135161.0
2015-11-12,BEVERAGES,108605.0
2015-11-13,BEVERAGES,134346.0
2015-11-14,BEVERAGES,198512.0
2015-11-15,BEVERAGES,253378.0
2015-11-16,BEVERAGES,158543.0
2015-11-17,BEVERAGES,128542.0
2015-11-18,BEVERAGES,138055.0
2015-11-19,BEVERAGES,120479.0
2015-11-20,BEVERAGES,140459.0
2015-11-21,BEVERAGES,196489.0
2015-11-22,BEVERAGES,241280.0
2015-11-23,BEVERAGES,148176.0
2015-11-24,BEVERAGES,127901.0
2015-11-25,BEVERAGES,131036.0
2015-11-26,BEVERAGES,114515.0
2015-11-27,BEVERAGES,138362.0
2015-11-28,BEVERAGES,194999.0
2015-11-29,BEVERAGES,259468.0
2015-11-30,BEVERAGES,166074.0
2015-12-01,BEVERAGES,175428.0
2015-12-02,BEVERAGES,168466.0
2015-12-03,BEVERAGES,142518.0
2015-12-04,BEVERAGES,150676.0
2015-12-05,BEVERAGES,212881.0
2015-12-06,BEVERAGES,265552.0
2015-12-07,BEVERAGES,174770.0
2015-12-08,BEVERAGES,144221.0
2015-12-09,BEVERAGES,147989.0
2015-12-10,BEVERAGES,130101.0
2015-12-11,BEVERAGES,144439.0
2015-12-12,BEVERAGES,202436.0
2015-12-13,BEVERAGES,245033.0
2015-12-14,BEVERAGES,160756.0
2015-12-15,BEVERAGES,146725.0
2015-12-16,BEVERAGES,155905.0
2015-12-17,BEVERAGES,147661.0
2015-12-18,BEVERAGES,156419.0
2015-12-19,BEVERAGES,216978.0
2015-12-20,BEVERAGES,239069.0
2015-12-21,BEVERAGES,188430.0
2015-12-22,BEVERAGES,189733.0
2015-12-23,BEVERAGES,199461.0
2015-12-24,BEVERAGES,191789.0
2015-12-26,BEVERAGES,214286.0
2015-12-27,BEVERAGES,193941.0
2015-12-28,BEVERAGES,169404.0
2015-12-29,BEVERAGES,182087.0
2015-12-30,BEVERAGES,210801.0
2015-12-31,BEVERAGES,209006.0
2016-01-01,BEVERAGES,5104.0
2016-01-02,BEVERAGES,250510.0
2016-01-03,BEVERAGES,299177.0
2016-01-04,BEVERAGES,217525.0
2016-01-05,BEVERAGES,187069.0
2016-01-06,BEVERAGES,170360.0
2016-01-07,BEVERAGES,143636.0
2016-01-08,BEVERAGES,152225.0
2016-01-09,BEVERAGES,227854.0
2016-01-10,BEVERAGES,263121.0
2016-01-11,BEVERAGES,157869.0
2016-01-12,BEVERAGES,136315.0
2016-01-13,BEVERAGES,132266.0
2016-01-14,BEVERAGES,120609.0
2016-01-15,BEVERAGES,141955.0
2016-01-16,BEVERAGES,220308.0
2016-01-17,BEVERAGES,251345.0
2016-01-18,BEVERAGES,158492.0
2016-01-19,BEVERAGES,136240.0
2016-01-20,BEVERAGES,143371.0
2016-01-21,BEVERAGES,115821.0
2016-01-22,BEVERAGES,135214.0
2016-01-23,BEVERAGES,204449.0
2016-01-24,BEVERAGES,231483.0
2016-01-25,BEVERAGES,141976.0
2016-01-26,BEVERAGES,128256.0
2016-01-27,BEVERAGES,129324.0
2016-01-28,BEVERAGES,113870.0
2016-01-29,BEVERAGES,137022.0
2016-01-30,BEVERAGES,209541.0
2016-01-31,BEVERAGES,245481.0
2016-02-01,BEVERAGES,182638.0
2016-02-02,BEVERAGES,154284.0
2016-02-03,BEVERAGES,149974.0
2016-02-04,BEVERAGES,134005.0
2016-02-05,BEVERAGES,167256.0
2016-02-06,BEVERAGES,207438.0
2016-02-07,BEVERAGES,152830.0
2016-02-08,BEVERAGES,133559.0
2016-02-09,BEVERAGES,157846.0
2016-02-10,BEVERAGES,154782.0
2016-02-11,BEVERAGES,132974.0
2016-02-12,BEVERAGES,144742.0
2016-02-13,BEVERAGES,190061.0
2016-02-14,BEVERAGES,219933.0
2016-02-15,BEVERAGES,166667.0
2016-02-16,BEVERAGES,150444.0
2016-02-17,BEVERAGES,142628.0
2016-02-18,BEVERAGES,124212.0
2016-02-19,BEVERAGES,146081.0
2016-02-20,BEVERAGES,203285.0
2016-02-21,BEVERAGES,234842.0
2016-02-22,BEVERAGES,153189.0
2016-02-23,BEVERAGES,134845.0
2016-02-24,BEVERAGES,137272.0
2016-02-25,BEVERAGES,120695.0
2016-02-26,BEVERAGES,137555.0
2016-02-27,BEVERAGES,208705.0
2016-02-28,BEVERAGES,229672.0
2016-02-29,BEVERAGES,158195.0
2016-03-01,BEVERAGES,179419.0
2016-03-02,BEVERAGES,170183.0
2016-03-03,BEVERAGES,135577.0
2016-03-04,BEVERAGES,152201.0
2016-03-05,BEVERAGES,227024.0
2016-03-06,BEVERAGES,245308.0
2016-03-07,BEVERAGES,155266.0
2016-03-08,BEVERAGES,132163.0
2016-03-09,BEVERAGES,137198.0
2016-03-10,BEVERAGES,119723.0
2016-03-11,BEVERAGES,141062.0
2016-03-12,BEVERAGES,201038.0
2016-03-13,BEVERAGES,223273.0
2016-03-14,BEVERAGES,144170.0
2016-03-15,BEVERAGES,135828.0
2016-03-16,BEVERAGES,147195.0
2016-03-17,BEVERAGES,121907.0
2016-03-18,BEVERAGES,143712.0
2016-03-19,BEVERAGES,202664.0
2016-03-20,BEVERAGES,216151.0
2016-03-21,BEVERAGES,148126.0
2016-03-22,BEVERAGES,130755.0
2016-03-23,BEVERAGES,148247.0
2016-03-24,BEVERAGES,149854.0
2016-03-25,BEVERAGES,149515.0
2016-03-26,BEVERAGES,182196.0
2016-03-27,BEVERAGES,195375.0
2016-03-28,BEVERAGES,143196.0
2016-03-29,BEVERAGES,130183.0
2016-03-30,BEVERAGES,129972.0
2016-03-31,BEVERAGES,129134.0
2016-04-01,BEVERAGES,178237.0
2016-04-02,BEVERAGES,247315.0
2016-04-03,BEVERAGES,280881.0
2016-04-04,BEVERAGES,168081.0
2016-04-05,BEVERAGES,146023.0
2016-04-06,BEVERAGES,145034.0
2016-04-07,BEVERAGES,122792.0
2016-04-08,BEVERAGES,149302.0
2016-04-09,BEVERAGES,209669.0
2016-04-10,BEVERAGES,236767.0
2016-04-11,BEVERAGES,146607.0
2016-04-12,BEVERAGES,134193.0
2016-04-13,BEVERAGES,138348.0
2016-04-14,BEVERAGES,115020.0
2016-04-15,BEVERAGES,136320.0
2016-04-16,BEVERAGES,186935.0
2016-04-17,BEVERAGES,308788.0
2016-04-18,BEVERAGES,303298.0
2016-04-19,BEVERAGES,301533.0
2016-04-20,BEVERAGES,249845.0
2016-04-21,BEVERAGES,213186.0
2016-04-22,BEVERAGES,191154.0
2016-04-23,BEVERAGES,233084.0
2016-04-24,BEVERAGES,238503.0
2016-04-25,BEVERAGES,148627.0
2016-04-26,BEVERAGES,135431.0
2016-04-27,BEVERAGES,136526.0
2016-04-28,BEVERAGES,114193.0
2016-04-29,BEVERAGES,146007.0
2016-04-30,BEVERAGES,232805.0
2016-05-01,BEVERAGES,282785.0
2016-05-02,BEVERAGES,181088.0
2016-05-03,BEVERAGES,161856.0
2016-05-04,BEVERAGES,154805.0
2016-05-05,BEVERAGES,135208.0
2016-05-06,BEVERAGES,155813.0
2016-05-07,BEVERAGES,233769.0
2016-05-08,BEVERAGES,193033.0
2016-05-09,BEVERAGES,167064.0
2016-05-10,BEVERAGES,142775.0
2016-05-11,BEVERAGES,146886.0
2016-05-12,BEVERAGES,125988.0
2016-05-13,BEVERAGES,138176.0
2016-05-14,BEVERAGES,206787.0
2016-05-15,BEVERAGES,247562.0
2016-05-16,BEVERAGES,159437.0
2016-05-17,BEVERAGES,135697.0
2016-05-18,BEVERAGES,133039.0
2016-05-19,BEVERAGES,120632.0
2016-05-20,BEVERAGES,140732.0
2016-05-21,BEVERAGES,198856.0
2016-05-22,BEVERAGES,235966.0
2016-05-23,BEVERAGES,146066.0
2016-05-24,BEVERAGES,118786.0
2016-05-25,BEVERAGES,119655.0
2016-05-26,BEVERAGES,118074.0
2016-05-27,BEVERAGES,173865.0
2016-05-28,BEVERAGES,169401.0
2016-05-29,BEVERAGES,210425.0
2016-05-30,BEVERAGES,154183.0
2016-05-31,BEVERAGES,189942.0
2016-06-01,BEVERAGES,144778.0
2016-06-02,BEVERAGES,136640.0
2016-06-03,BEVERAGES,136752.0
2016-06-04,BEVERAGES,200698.0
2016-06-05,BEVERAGES,237485.0
2016-06-06,BEVERAGES,143265.0
2016-06-07,BEVERAGES,122148.0
2016-06-08,BEVERAGES,123561.0
2016-06-09,BEVERAGES,103888.0
2016-06-10,BEVERAGES,120510.0
2016-06-11,BEVERAGES,177120.0
2016-06-12,BEVERAGES,209344.0
2016-06-13,BEVERAGES,145511.0
2016-06-14,BEVERAGES,122071.0
2016-06-15,BEVERAGES,130428.0
2016-06-16,BEVERAGES,117386.0
2016-06-17,BEVERAGES,138623.0
2016-06-18,BEVERAGES,201641.0
2016-06-19,BEVERAGES,188682.0
2016-06-20,BEVERAGES,156605.0
2016-06-21,BEVERAGES,144562.0
2016-06-22,BEVERAGES,130519.0
2016-06-23,BEVERAGES,110900.0
2016-06-24,BEVERAGES,127196.0
2016-06-25,BEVERAGES,186097.0
2016-06-26,BEVERAGES,211047.0
2016-06-27,BEVERAGES,143453.0
2016-06-28,BEVERAGES,120127.0
2016-06-29,BEVERAGES,120697.0
2016-06-30,BEVERAGES,111342.0
2016-07-01,BEVERAGES,163624.0
2016-07-02,BEVERAGES,221451.0
2016-07-03,BEVERAGES,240162.0
2016-07-04,BEVERAGES,171926.0
2016-07-05,BEVERAGES,141837.0
2016-07-06,BEVERAGES,141899.0
2016-07-07,BEVERAGES,117203.0
2016-07-08,BEVERAGES,137729.0
2016-07-09,BEVERAGES,186086.0
2016-07-10,BEVERAGES,205290.0
2016-07-11,BEVERAGES,148417.0
2016-07-12,BEVERAGES,127538.0
2016-07-13,BEVERAGES,120720.0
2016-07-14,BEVERAGES,108521.0
2016-07-15,BEVERAGES,139563.0
2016-07-16,BEVERAGES,191821.0
2016-07-17,BEVERAGES,206438.0
2016-07-18,BEVERAGES,148214.0
2016-07-19,BEVERAGES,123942.0
2016-07-20,BEVERAGES,128434.0
2016-07-21,BEVERAGES,115017.0
2016-07-22,BEVERAGES,129281.0
2016-07-23,BEVERAGES,178923.0
2016-07-24,BEVERAGES,188675.0
2016-07-25,BEVERAGES,148783.0
2016-07-26,BEVERAGES,124377.0
2016-07-27,BEVERAGES,132795.0
2016-07-28,BEVERAGES,107270.0
2016-07-29,BEVERAGES,133460.0
2016-07-30,BEVERAGES,191957.0
2016-07-31,BEVERAGES,216431.0
2016-08-01,BEVERAGES,180546.0
2016-08-02,BEVERAGES,152668.0
2016-08-03,BEVERAGES,145874.0
2016-08-04,BEVERAGES,128160.0
2016-08-05,BEVERAGES,148293.0
2016-08-06,BEVERAGES,193330.0
2016-08-07,BEVERAGES,206605.0
2016-08-08,BEVERAGES,157126.0
2016-08-09,BEVERAGES,137263.0
2016-08-10,BEVERAGES,138205.0
2016-08-11,BEVERAGES,135983.0
2016-08-12,BEVERAGES,164500.0
2016-08-13,BEVERAGES,166578.0
2016-08-14,BEVERAGES,180725.0
2016-08-15,BEVERAGES,158646.0
2016-08-16,BEVERAGES,147799.0
2016-08-17,BEVERAGES,147254.0
2016-08-18,BEVERAGES,127986.0
2016-08-19,BEVERAGES,150082.0
2016-08-20,BEVERAGES,187625.0
2016-08-21,BEVERAGES,211220.0
2016-08-22,BEVERAGES,155457.0
2016-08-23,BEVERAGES,142435.0
2016-08-24,BEVERAGES,141334.0
2016-08-25,BEVERAGES,124207.0
2016-08-26,BEVERAGES,134789.0
2016-08-27,BEVERAGES,176165.0
2016-08-28,BEVERAGES,197233.0
2016-08-29,BEVERAGES,147156.0
2016-08-30,BEVERAGES,133625.0
2016-08-31,BEVERAGES,145155.0
2016-09-01,BEVERAGES,147069.0
2016-09-02,BEVERAGES,181079.0
2016-09-03,BEVERAGES,238510.0
2016-09-04,BEVERAGES,261398.0
2016-09-05,BEVERAGES,183848.0
2016-09-06,BEVERAGES,164550.0
2016-09-07,BEVERAGES,154897.0
2016-09-08,BEVERAGES,123746.0
2016-09-09,BEVERAGES,138299.0
2016-09-10,BEVERAGES,206418.0
2016-09-11,BEVERAGES,235684.0
2016-09-12,BEVERAGES,145080.0
2016-09-13,BEVERAGES,122882.0
2016-09-14,BEVERAGES,121120.0
2016-09-15,BEVERAGES,116264.0
2016-09-16,BEVERAGES,143598.0
2016-09-17,BEVERAGES,200090.0
2016-09-18,BEVERAGES,235321.0
2016-09-19,BEVERAGES,141236.0
2016-09-20,BEVERAGES,132262.0
2016-09-21,BEVERAGES,129414.0
2016-09-22,BEVERAGES,110130.0
2016-09-23,BEVERAGES,136138.0
2016-09-24,BEVERAGES,192610.0
2016-09-25,BEVERAGES,221098.0
2016-09-26,BEVERAGES,143488.0
2016-09-27,BEVERAGES,122181.0
2016-09-28,BEVERAGES,123595.0
2016-09-29,BEVERAGES,112182.0
2016-09-30,BEVERAGES,142867.0
2016-10-01,BEVERAGES,251375.0
2016-10-02,BEVERAGES,279121.0
2016-10-03,BEVERAGES,172823.0
2016-10-04,BEVERAGES,146150.0
2016-10-05,BEVERAGES,146410.0
2016-10-06,BEVERAGES,120057.0
2016-10-07,BEVERAGES,143269.0
2016-10-08,BEVERAGES,202566.0
2016-10-09,BEVERAGES,247109.0
2016-10-10,BEVERAGES,153350.0
2016-10-11,BEVERAGES,125318.0
2016-10-12,BEVERAGES,129236.0
2016-10-13,BEVERAGES,111697.0
2016-10-14,BEVERAGES,138234.0
2016-10-15,BEVERAGES,197333.0
2016-10-16,BEVERAGES,258559.0
2016-10-17,BEVERAGES,151406.0
2016-10-18,BEVERAGES,129897.0
2016-10-19,BEVERAGES,127212.0
2016-10-20,BEVERAGES,124603.0
2016-10-21,BEVERAGES,144526.0
2016-10-22,BEVERAGES,192343.0
2016-10-23,BEVERAGES,241561.0
2016-10-24,BEVERAGES,142098.0
2016-10-25,BEVERAGES,124323.0
2016-10-26,BEVERAGES,128716.0
2016-10-27,BEVERAGES,120153.0
2016-10-28,BEVERAGES,136370.0
2016-10-29,BEVERAGES,194747.0
2016-10-30,BEVERAGES,232250.0
2016-10-31,BEVERAGES,148589.0
2016-11-01,BEVERAGES,182070.0
2016-11-02,BEVERAGES,215033.0
2016-11-03,BEVERAGES,180293.0
2016-11-04,BEVERAGES,193535.0
2016-11-05,BEVERAGES,208685.0
2016-11-06,BEVERAGES,270422.0
2016-11-07,BEVERAGES,187162.0
2016-11-08,BEVERAGES,166081.0
2016-11-09,BEVERAGES,164618.0
2016-11-10,BEVERAGES,129184.0
2016-11-11,BEVERAGES,150597.0
2016-11-12,BEVERAGES,222661.0
2016-11-13,BEVERAGES,291398.0
2016-11-14,BEVERAGES,165265.0
2016-11-15,BEVERAGES,160177.0
2016-11-16,BEVERAGES,181322.0
2016-11-17,BEVERAGES,138887.0
2016-11-18,BEVERAGES,167311.0
2016-11-19,BEVERAGES,220970.0
2016-11-20,BEVERAGES,278158.0
2016-11-21,BEVERAGES,172392.0
2016-11-22,BEVERAGES,151843.0
2016-11-23,BEVERAGES,157465.0
2016-11-24,BEVERAGES,133102.0
2016-11-25,BEVERAGES,170648.0
2016-11-26,BEVERAGES,223057.0
2016-11-27,BEVERAGES,263835.0
2016-11-28,BEVERAGES,177635.0
2016-11-29,BEVERAGES,140124.0
2016-11-30,BEVERAGES,164748.0
2016-12-01,BEVERAGES,178953.0
2016-12-02,BEVERAGES,185360.0
2016-12-03,BEVERAGES,255126.0
2016-12-04,BEVERAGES,297968.0
2016-12-05,BEVERAGES,182323.0
2016-12-06,BEVERAGES,207703.0
2016-12-07,BEVERAGES,178510.0
2016-12-08,BEVERAGES,140546.0
2016-12-09,BEVERAGES,163758.0
2016-12-10,BEVERAGES,209125.0
2016-12-11,BEVERAGES,260947.0
2016-12-12,BEVERAGES,168443.0
2016-12-13,BEVERAGES,148518.0
2016-12-14,BEVERAGES,159319.0
2016-12-15,BEVERAGES,146315.0
2016-12-16,BEVERAGES,169151.0
2016-12-17,BEVERAGES,226210.0
2016-12-18,BEVERAGES,270298.0
2016-12-19,BEVERAGES,196844.0
2016-12-20,BEVERAGES,194254.0
2016-12-21,BEVERAGES,198153.0
2016-12-22,BEVERAGES,198308.0
2016-12-23,BEVERAGES,226894.0
2016-12-24,BEVERAGES,236331.0
2016-12-26,BEVERAGES,227027.0
2016-12-27,BEVERAGES,177554.0
2016-12-28,BEVERAGES,192477.0
2016-12-29,BEVERAGES,186177.0
2016-12-30,BEVERAGES,240693.0
2016-12-31,BEVERAGES,243518.0
2017-01-01,BEVERAGES,4008.0
2017-01-02,BEVERAGES,335235.0
2017-01-03,BEVERAGES,243422.0
2017-01-04,BEVERAGES,211239.0
2017-01-05,BEVERAGES,175975.0
2017-01-06,BEVERAGES,189393.0
2017-01-07,BEVERAGES,261820.0
2017-01-08,BEVERAGES,297197.0
2017-01-09,BEVERAGES,186203.0
2017-01-10,BEVERAGES,171274.0
2017-01-11,BEVERAGES,164531.0
2017-01-12,BEVERAGES,145461.0
2017-01-13,BEVERAGES,174206.0
2017-01-14,BEVERAGES,252034.0
2017-01-15,BEVERAGES,301353.0
2017-01-16,BEVERAGES,199820.0
2017-01-17,BEVERAGES,184129.0
2017-01-18,BEVERAGES,176227.0
2017-01-19,BEVERAGES,144535.0
2017-01-20,BEVERAGES,162192.0
2017-01-21,BEVERAGES,264633.0
2017-01-22,BEVERAGES,299512.0
2017-01-23,BEVERAGES,191891.0
2017-01-24,BEVERAGES,167718.0
2017-01-25,BEVERAGES,160219.0
2017-01-26,BEVERAGES,125294.0
2017-01-27,BEVERAGES,156006.0
2017-01-28,BEVERAGES,226837.0
2017-01-29,BEVERAGES,257357.0
2017-01-30,BEVERAGES,155191.0
2017-01-31,BEVERAGES,165171.0
2017-02-01,BEVERAGES,192241.0
2017-02-02,BEVERAGES,155016.0
2017-02-03,BEVERAGES,173306.0
2017-02-04,BEVERAGES,256450.0
2017-02-05,BEVERAGES,265030.0
2017-02-06,BEVERAGES,171537.0
2017-02-07,BEVERAGES,156490.0
2017-02-08,BEVERAGES,161764.0
2017-02-09,BEVERAGES,132978.0
2017-02-10,BEVERAGES,164050.0
2017-02-11,BEVERAGES,220696.0
2017-02-12,BEVERAGES,255490.0
2017-02-13,BEVERAGES,169350.0
2017-02-14,BEVERAGES,129329.0
2017-02-15,BEVERAGES,147599.0
2017-02-16,BEVERAGES,137081.0
2017-02-17,BEVERAGES,156814.0
2017-02-18,BEVERAGES,246049.0
2017-02-19,BEVERAGES,213733.0
2017-02-20,BEVERAGES,167601.0
2017-02-21,BEVERAGES,157364.0
2017-02-22,BEVERAGES,148629.0
2017-02-23,BEVERAGES,149845.0
2017-02-24,BEVERAGES,182391.0
2017-02-25,BEVERAGES,230937.0
2017-02-26,BEVERAGES,168924.0
2017-02-27,BEVERAGES,165020.0
2017-02-28,BEVERAGES,212594.0
2017-03-01,BEVERAGES,204522.0
2017-03-02,BEVERAGES,180400.0
2017-03-03,BEVERAGES,186437.0
2017-03-04,BEVERAGES,257990.0
2017-03-05,BEVERAGES,276118.0
2017-03-06,BEVERAGES,169456.0
2017-03-07,BEVERAGES,157163.0
2017-03-08,BEVERAGES,150271.0
2017-03-09,BEVERAGES,147502.0
2017-03-10,BEVERAGES,177393.0
2017-03-11,BEVERAGES,245596.0
2017-03-12,BEVERAGES,288397.0
2017-03-13,BEVERAGES,178705.0
2017-03-14,BEVERAGES,163684.0
2017-03-15,BEVERAGES,173812.0
2017-03-16,BEVERAGES,164418.0
2017-03-17,BEVERAGES,188890.0
2017-03-18,BEVERAGES,259101.0
2017-03-19,BEVERAGES,297490.0
2017-03-20,BEVERAGES,192579.0
2017-03-21,BEVERAGES,172289.0
2017-03-22,BEVERAGES,167424.0
2017-03-23,BEVERAGES,153886.0
2017-03-24,BEVERAGES,182043.0
2017-03-25,BEVERAGES,257097.0
2017-03-26,BEVERAGES,284616.0
2017-03-27,BEVERAGES,188293.0
2017-03-28,BEVERAGES,164975.0
2017-03-29,BEVERAGES,177997.0
2017-03-30,BEVERAGES,136349.0
2017-03-31,BEVERAGES,188660.0
2017-04-01,BEVERAGES,336063.0
2017-04-02,BEVERAGES,264738.0
2017-04-03,BEVERAGES,188774.0
2017-04-04,BEVERAGES,184424.0
2017-04-05,BEVERAGES,181898.0
2017-04-06,BEVERAGES,153189.0
2017-04-07,BEVERAGES,171158.0
2017-04-08,BEVERAGES,228604.0
2017-04-09,BEVERAGES,262298.0
2017-04-10,BEVERAGES,170621.0
2017-04-11,BEVERAGES,163715.0
2017-04-12,BEVERAGES,171716.0
2017-04-13,BEVERAGES,177420.0
2017-04-14,BEVERAGES,179465.0
2017-04-15,BEVERAGES,216599.0
2017-04-16,BEVERAGES,233163.0
2017-04-17,BEVERAGES,175805.0
2017-04-18,BEVERAGES,158029.0
2017-04-19,BEVERAGES,149701.0
2017-04-20,BEVERAGES,144429.0
2017-04-21,BEVERAGES,169675.0
2017-04-22,BEVERAGES,236707.0
2017-04-23,BEVERAGES,285611.0
2017-04-24,BEVERAGES,175184.0
2017-04-25,BEVERAGES,161949.0
2017-04-26,BEVERAGES,164587.0
2017-04-27,BEVERAGES,143934.0
2017-04-28,BEVERAGES,180469.0
2017-04-29,BEVERAGES,250534.0
2017-04-30,BEVERAGES,249008.0
2017-05-01,BEVERAGES,303807.0
2017-05-02,BEVERAGES,200529.0
2017-05-03,BEVERAGES,188754.0
2017-05-04,BEVERAGES,149629.0
2017-05-05,BEVERAGES,161279.0
2017-05-06,BEVERAGES,233814.0
2017-05-07,BEVERAGES,287104.0
2017-05-08,BEVERAGES,166843.0
2017-05-09,BEVERAGES,145619.0
2017-05-10,BEVERAGES,147196.0
2017-05-11,BEVERAGES,135028.0
2017-05-12,BEVERAGES,154026.0
2017-05-13,BEVERAGES,244193.0
2017-05-14,BEVERAGES,206986.0
2017-05-15,BEVERAGES,179114.0
2017-05-16,BEVERAGES,169098.0
2017-05-17,BEVERAGES,165675.0
2017-05-18,BEVERAGES,133381.0
2017-05-19,BEVERAGES,161718.0
2017-05-20,BEVERAGES,227900.0
2017-05-21,BEVERAGES,280849.0
2017-05-22,BEVERAGES,169143.0
2017-05-23,BEVERAGES,151437.0
2017-05-24,BEVERAGES,153706.0
2017-05-25,BEVERAGES,136779.0
2017-05-26,BEVERAGES,212870.0
2017-05-27,BEVERAGES,212127.0
2017-05-28,BEVERAGES,254132.0
2017-05-29,BEVERAGES,171962.0
2017-05-30,BEVERAGES,158403.0
2017-05-31,BEVERAGES,174304.0
2017-06-01,BEVERAGES,166771.0
2017-06-02,BEVERAGES,204402.0
2017-06-03,BEVERAGES,278488.0
2017-06-04,BEVERAGES,339352.0
2017-06-05,BEVERAGES,214773.0
2017-06-06,BEVERAGES,184706.0
2017-06-07,BEVERAGES,181931.0
2017-06-08,BEVERAGES,152212.0
2017-06-09,BEVERAGES,178063.0
2017-06-10,BEVERAGES,242234.0
2017-06-11,BEVERAGES,311184.0
2017-06-12,BEVERAGES,176821.0
2017-06-13,BEVERAGES,158624.0
2017-06-14,BEVERAGES,158633.0
2017-06-15,BEVERAGES,142765.0
2017-06-16,BEVERAGES,181072.0
2017-06-17,BEVERAGES,250214.0
2017-06-18,BEVERAGES,245520.0
2017-06-19,BEVERAGES,179095.0
2017-06-20,BEVERAGES,173553.0
2017-06-21,BEVERAGES,154251.0
2017-06-22,BEVERAGES,125467.0
2017-06-23,BEVERAGES,160086.0
2017-06-24,BEVERAGES,218486.0
2017-06-25,BEVERAGES,263497.0
2017-06-26,BEVERAGES,166889.0
2017-06-27,BEVERAGES,140339.0
2017-06-28,BEVERAGES,143776.0
2017-06-29,BEVERAGES,136268.0
2017-06-30,BEVERAGES,170346.0
2017-07-01,BEVERAGES,271027.0
2017-07-02,BEVERAGES,297619.0
2017-07-03,BEVERAGES,199766.0
2017-07-04,BEVERAGES,173857.0
2017-07-05,BEVERAGES,170074.0
2017-07-06,BEVERAGES,150965.0
2017-07-07,BEVERAGES,178964.0
2017-07-08,BEVERAGES,232222.0
2017-07-09,BEVERAGES,262375.0
2017-07-10,BEVERAGES,179826.0
2017-07-11,BEVERAGES,162466.0
2017-07-12,BEVERAGES,158262.0
2017-07-13,BEVERAGES,149968.0
2017-07-14,BEVERAGES,181719.0
2017-07-15,BEVERAGES,246513.0
2017-07-16,BEVERAGES,283097.0
2017-07-17,BEVERAGES,193199.0
2017-07-18,BEVERAGES,170182.0
2017-07-19,BEVERAGES,163361.0
2017-07-20,BEVERAGES,163747.0
2017-07-21,BEVERAGES,183117.0
2017-07-22,BEVERAGES,229380.0
2017-07-23,BEVERAGES,245466.0
2017-07-24,BEVERAGES,188077.0
2017-07-25,BEVERAGES,160403.0
2017-07-26,BEVERAGES,156176.0
2017-07-27,BEVERAGES,141686.0
2017-07-28,BEVERAGES,191922.0
2017-07-29,BEVERAGES,249085.0
2017-07-30,BEVERAGES,274030.0
2017-07-31,BEVERAGES,195504.0
2017-08-01,BEVERAGES,215546.0
2017-08-02,BEVERAGES,204566.0
2017-08-03,BEVERAGES,156806.0
2017-08-04,BEVERAGES,187818.0
2017-08-05,BEVERAGES,225481.0
2017-08-06,BEVERAGES,250784.0
2017-08-07,BEVERAGES,179419.0
2017-08-08,BEVERAGES,160636.0
2017-08-09,BEVERAGES,153010.0
2017-08-10,BEVERAGES,156449.0
2017-08-11,BEVERAGES,189111.0
2017-08-12,BEVERAGES,182318.0
2017-08-13,BEVERAGES,202354.0
2017-08-14,BEVERAGES,174832.0
2017-08-15,BEVERAGES,170773.0
2015-01-01,BREAD/BAKERY,676.24
2015-01-02,BREAD/BAKERY,29702.92898
2015-01-03,BREAD/BAKERY,29305.08506
2015-01-04,BREAD/BAKERY,38390.8261
2015-01-05,BREAD/BAKERY,29377.54303
2015-01-06,BREAD/BAKERY,25322.076
2015-01-07,BREAD/BAKERY,25318.803
2015-01-08,BREAD/BAKERY,22146.23508
2015-01-09,BREAD/BAKERY,22629.356
2015-01-10,BREAD/BAKERY,28782.654
2015-01-11,BREAD/BAKERY,38213.53403
2015-01-12,BREAD/BAKERY,25033.435
2015-01-13,BREAD/BAKERY,22388.88597
2015-01-14,BREAD/BAKERY,23540.47397
2015-01-15,BREAD/BAKERY,21204.466
2015-01-16,BREAD/BAKERY,22694.368
2015-01-17,BREAD/BAKERY,31963.145
2015-01-18,BREAD/BAKERY,38874.231
2015-01-19,BREAD/BAKERY,26250.62397
2015-01-20,BREAD/BAKERY,23607.57203
2015-01-21,BREAD/BAKERY,24132.241
2015-01-22,BREAD/BAKERY,21606.757
2015-01-23,BREAD/BAKERY,22550.384
2015-01-24,BREAD/BAKERY,31226.021
2015-01-25,BREAD/BAKERY,36025.85303
2015-01-26,BREAD/BAKERY,24874.036
2015-01-27,BREAD/BAKERY,21889.275
2015-01-28,BREAD/BAKERY,22614.683
2015-01-29,BREAD/BAKERY,20160.11598
2015-01-30,BREAD/BAKERY,22873.54897
2015-01-31,BREAD/BAKERY,31596.233
2015-02-01,BREAD/BAKERY,40955.507
2015-02-02,BREAD/BAKERY,27642.625
2015-02-03,BREAD/BAKERY,23956.55496
2015-02-04,BREAD/BAKERY,24311.61403
2015-02-05,BREAD/BAKERY,21379.817
2015-02-06,BREAD/BAKERY,21177.80003
2015-02-07,BREAD/BAKERY,28887.37495
2015-02-08,BREAD/BAKERY,31526.156
2015-02-09,BREAD/BAKERY,24891.77
2015-02-10,BREAD/BAKERY,21141.188
2015-02-11,BREAD/BAKERY,21985.326
2015-02-12,BREAD/BAKERY,19971.224
2015-02-13,BREAD/BAKERY,24056.28903
2015-02-14,BREAD/BAKERY,26000.82298
2015-02-15,BREAD/BAKERY,22001.21294
2015-02-16,BREAD/BAKERY,20741.41202
2015-02-17,BREAD/BAKERY,25979.39002
2015-02-18,BREAD/BAKERY,27763.186
2015-02-19,BREAD/BAKERY,23476.05101
2015-02-20,BREAD/BAKERY,24408.197
2015-02-21,BREAD/BAKERY,29302.265
2015-02-22,BREAD/BAKERY,37269.743
2015-02-23,BREAD/BAKERY,24132.28
2015-02-24,BREAD/BAKERY,22634.793
2015-02-25,BREAD/BAKERY,22691.2681
2015-02-26,BREAD/BAKERY,20551.003
2015-02-27,BREAD/BAKERY,22466.641
2015-02-28,BREAD/BAKERY,30625.743000000002
2015-03-01,BREAD/BAKERY,40907.49
2015-03-02,BREAD/BAKERY,28093.73801
2015-03-03,BREAD/BAKERY,25402.964
2015-03-04,BREAD/BAKERY,26102.309
2015-03-05,BREAD/BAKERY,22572.423
2015-03-06,BREAD/BAKERY,23524.809
2015-03-07,BREAD/BAKERY,31282.331000000002
2015-03-08,BREAD/BAKERY,34514.20998
2015-03-09,BREAD/BAKERY,26119.1501
2015-03-10,BREAD/BAKERY,23891.614
2015-03-11,BREAD/BAKERY,22966.518
2015-03-12,BREAD/BAKERY,20875.71802
2015-03-13,BREAD/BAKERY,22417.54101
2015-03-14,BREAD/BAKERY,29884.13
2015-03-15,BREAD/BAKERY,35506.986
2015-03-16,BREAD/BAKERY,25938.475
2015-03-17,BREAD/BAKERY,23542.034
2015-03-18,BREAD/BAKERY,25979.68302
2015-03-19,BREAD/BAKERY,21640.818
2015-03-20,BREAD/BAKERY,26381.24407
2015-03-21,BREAD/BAKERY,32041.679
2015-03-22,BREAD/BAKERY,36056.73592
2015-03-23,BREAD/BAKERY,26428.302
2015-03-24,BREAD/BAKERY,22940.537
2015-03-25,BREAD/BAKERY,24077.447
2015-03-26,BREAD/BAKERY,21095.6
2015-03-27,BREAD/BAKERY,23690.374
2015-03-28,BREAD/BAKERY,29934.86102
2015-03-29,BREAD/BAKERY,35855.746
2015-03-30,BREAD/BAKERY,24684.888
2015-03-31,BREAD/BAKERY,23770.24902
2015-04-01,BREAD/BAKERY,28131.937
2015-04-02,BREAD/BAKERY,24704.748
2015-04-03,BREAD/BAKERY,25290.161
2015-04-04,BREAD/BAKERY,31663.154
2015-04-05,BREAD/BAKERY,36113.191100000004
2015-04-06,BREAD/BAKERY,28049.744
2015-04-07,BREAD/BAKERY,25013.898
2015-04-08,BREAD/BAKERY,25054.93098
2015-04-09,BREAD/BAKERY,21532.96897
2015-04-10,BREAD/BAKERY,22950.974000000002
2015-04-11,BREAD/BAKERY,30315.625
2015-04-12,BREAD/BAKERY,36115.34799
2015-04-13,BREAD/BAKERY,24842.779
2015-04-14,BREAD/BAKERY,22577.63998
2015-04-15,BREAD/BAKERY,24848.801
2015-04-16,BREAD/BAKERY,23205.06598
2015-04-17,BREAD/BAKERY,23810.057
2015-04-18,BREAD/BAKERY,31023.17998
2015-04-19,BREAD/BAKERY,36415.8551
2015-04-20,BREAD/BAKERY,26350.74201
2015-04-21,BREAD/BAKERY,24047.208
2015-04-22,BREAD/BAKERY,23365.53202
2015-04-23,BREAD/BAKERY,22023.702
2015-04-24,BREAD/BAKERY,23639.01297
2015-04-25,BREAD/BAKERY,30620.64393
2015-04-26,BREAD/BAKERY,35610.543
2015-04-27,BREAD/BAKERY,24984.945
2015-04-28,BREAD/BAKERY,21394.036
2015-04-29,BREAD/BAKERY,22595.435980000002
2015-04-30,BREAD/BAKERY,23581.36
2015-05-01,BREAD/BAKERY,31972.6171
2015-05-02,BREAD/BAKERY,34581.288
2015-05-03,BREAD/BAKERY,41835.236
2015-05-04,BREAD/BAKERY,30158.261
2015-05-05,BREAD/BAKERY,27810.775
2015-05-06,BREAD/BAKERY,27863.622
2015-05-07,BREAD/BAKERY,23899.896
2015-05-08,BREAD/BAKERY,24110.00802
2015-05-09,BREAD/BAKERY,32789.78498
2015-05-10,BREAD/BAKERY,29973.03803
2015-05-11,BREAD/BAKERY,28182.191
2015-05-12,BREAD/BAKERY,24670.507
2015-05-13,BREAD/BAKERY,24117.165
2015-05-14,BREAD/BAKERY,21140.90208
2015-05-15,BREAD/BAKERY,23635.946
2015-05-16,BREAD/BAKERY,32755.587
2015-05-17,BREAD/BAKERY,40693.63197
2015-05-18,BREAD/BAKERY,26081.41702
2015-05-19,BREAD/BAKERY,23353.893
2015-05-20,BREAD/BAKERY,24317.12802
2015-05-21,BREAD/BAKERY,21208.752
2015-05-22,BREAD/BAKERY,22478.41998
2015-05-23,BREAD/BAKERY,30986.426
2015-05-24,BREAD/BAKERY,37980.8179
2015-05-25,BREAD/BAKERY,25667.143
2015-05-26,BREAD/BAKERY,22047.79802
2015-05-27,BREAD/BAKERY,23181.05899
2015-05-28,BREAD/BAKERY,21223.227039999998
2015-05-29,BREAD/BAKERY,23578.207
2015-05-30,BREAD/BAKERY,34623.14197
2015-05-31,BREAD/BAKERY,45596.524
2015-06-01,BREAD/BAKERY,28464.565
2015-06-02,BREAD/BAKERY,25959.771
2015-06-03,BREAD/BAKERY,26101.1131
2015-06-04,BREAD/BAKERY,23438.385
2015-06-05,BREAD/BAKERY,24290.845
2015-06-06,BREAD/BAKERY,31691.84101
2015-06-07,BREAD/BAKERY,42288.4081
2015-06-08,BREAD/BAKERY,27108.885000000002
2015-06-09,BREAD/BAKERY,24010.112
2015-06-10,BREAD/BAKERY,24002.71901
2015-06-11,BREAD/BAKERY,21237.505
2015-06-12,BREAD/BAKERY,23437.888
2015-06-13,BREAD/BAKERY,30971.32287
2015-06-14,BREAD/BAKERY,38453.53693
2015-06-15,BREAD/BAKERY,26333.17005
2015-06-16,BREAD/BAKERY,26398.35803
2015-06-17,BREAD/BAKERY,25401.23
2015-06-18,BREAD/BAKERY,22457.426
2015-06-19,BREAD/BAKERY,24146.491
2015-06-20,BREAD/BAKERY,33141.999
2015-06-21,BREAD/BAKERY,31472.29
2015-06-22,BREAD/BAKERY,28681.688000000002
2015-06-23,BREAD/BAKERY,25014.457019999998
2015-06-24,BREAD/BAKERY,24356.45
2015-06-25,BREAD/BAKERY,21711.00997
2015-06-26,BREAD/BAKERY,23288.511
2015-06-27,BREAD/BAKERY,30650.656
2015-06-28,BREAD/BAKERY,38668.373
2015-06-29,BREAD/BAKERY,26110.334
2015-06-30,BREAD/BAKERY,25639.259
2015-07-01,BREAD/BAKERY,29594.43
2015-07-02,BREAD/BAKERY,25975.114
2015-07-03,BREAD/BAKERY,27008.345980000002
2015-07-04,BREAD/BAKERY,34677.515
2015-07-05,BREAD/BAKERY,36723.212
2015-07-06,BREAD/BAKERY,29191.475000000002
2015-07-07,BREAD/BAKERY,24256.432
2015-07-08,BREAD/BAKERY,27318.887
2015-07-09,BREAD/BAKERY,23588.132
2015-07-10,BREAD/BAKERY,23825.22998
2015-07-11,BREAD/BAKERY,29101.193
2015-07-12,BREAD/BAKERY,35043.091
2015-07-13,BREAD/BAKERY,26062.01198
2015-07-14,BREAD/BAKERY,23723.895
2015-07-15,BREAD/BAKERY,24978.27602
2015-07-16,BREAD/BAKERY,22999.868
2015-07-17,BREAD/BAKERY,24424.312
2015-07-18,BREAD/BAKERY,30217.215
2015-07-19,BREAD/BAKERY,35051.043
2015-07-20,BREAD/BAKERY,26999.75
2015-07-21,BREAD/BAKERY,23715.59602
2015-07-22,BREAD/BAKERY,24386.958
2015-07-23,BREAD/BAKERY,22023.03501
2015-07-24,BREAD/BAKERY,24883.553
2015-07-25,BREAD/BAKERY,29504.99305
2015-07-26,BREAD/BAKERY,35572.51003
2015-07-27,BREAD/BAKERY,27393.78
2015-07-28,BREAD/BAKERY,24186.386
2015-07-29,BREAD/BAKERY,24554.873
2015-07-30,BREAD/BAKERY,21510.553
2015-07-31,BREAD/BAKERY,25877.904
2015-08-01,BREAD/BAKERY,34519.769
2015-08-02,BREAD/BAKERY,38518.11302
2015-08-03,BREAD/BAKERY,29201.81
2015-08-04,BREAD/BAKERY,26616.683
2015-08-05,BREAD/BAKERY,25987.713
2015-08-06,BREAD/BAKERY,22822.822
2015-08-07,BREAD/BAKERY,24584.54203
2015-08-08,BREAD/BAKERY,28077.5832
2015-08-09,BREAD/BAKERY,26716.453
2015-08-10,BREAD/BAKERY,30025.0871
2015-08-11,BREAD/BAKERY,25980.323
2015-08-12,BREAD/BAKERY,25455.15288
2015-08-13,BREAD/BAKERY,22410.368
2015-08-14,BREAD/BAKERY,26275.78297
2015-08-15,BREAD/BAKERY,32509.90608
2015-08-16,BREAD/BAKERY,34851.878
2015-08-17,BREAD/BAKERY,26361.76895
2015-08-18,BREAD/BAKERY,23915.94802
2015-08-19,BREAD/BAKERY,23995.152000000002
2015-08-20,BREAD/BAKERY,22592.647
2015-08-21,BREAD/BAKERY,23929.23503
2015-08-22,BREAD/BAKERY,29479.08593
2015-08-23,BREAD/BAKERY,33716.54903
2015-08-24,BREAD/BAKERY,26750.304
2015-08-25,BREAD/BAKERY,24308.031
2015-08-26,BREAD/BAKERY,23459.363
2015-08-27,BREAD/BAKERY,22158.882999999998
2015-08-28,BREAD/BAKERY,24512.271
2015-08-29,BREAD/BAKERY,31728.36203
2015-08-30,BREAD/BAKERY,37266.371
2015-08-31,BREAD/BAKERY,30529.871
2015-09-01,BREAD/BAKERY,31754.982
2015-09-02,BREAD/BAKERY,29701.184
2015-09-03,BREAD/BAKERY,25404.847
2015-09-04,BREAD/BAKERY,25852.37
2015-09-05,BREAD/BAKERY,35647.348
2015-09-06,BREAD/BAKERY,42314.22799
2015-09-07,BREAD/BAKERY,28866.267
2015-09-08,BREAD/BAKERY,25942.718
2015-09-09,BREAD/BAKERY,25413.306
2015-09-10,BREAD/BAKERY,22668.773
2015-09-11,BREAD/BAKERY,23639.594989999998
2015-09-12,BREAD/BAKERY,32090.951
2015-09-13,BREAD/BAKERY,39024.5031
2015-09-14,BREAD/BAKERY,26906.291
2015-09-15,BREAD/BAKERY,25523.808
2015-09-16,BREAD/BAKERY,26547.49097
2015-09-17,BREAD/BAKERY,22084.05
2015-09-18,BREAD/BAKERY,24454.11702
2015-09-19,BREAD/BAKERY,32542.17198
2015-09-20,BREAD/BAKERY,39281.065
2015-09-21,BREAD/BAKERY,26782.194
2015-09-22,BREAD/BAKERY,24290.954
2015-09-23,BREAD/BAKERY,25216.052929999998
2015-09-24,BREAD/BAKERY,21671.275
2015-09-25,BREAD/BAKERY,23499.69003
2015-09-26,BREAD/BAKERY,31720.77702
2015-09-27,BREAD/BAKERY,38546.693
2015-09-28,BREAD/BAKERY,25756.853
2015-09-29,BREAD/BAKERY,22692.972
2015-09-30,BREAD/BAKERY,25154.52
2015-10-01,BREAD/BAKERY,27045.33
2015-10-02,BREAD/BAKERY,27098.432
2015-10-03,BREAD/BAKERY,35233.63297
2015-10-04,BREAD/BAKERY,41286.373999999996
2015-10-05,BREAD/BAKERY,27493.198
2015-10-06,BREAD/BAKERY,24104.785
2015-10-07,BREAD/BAKERY,24387.929
2015-10-08,BREAD/BAKERY,22153.652000000002
2015-10-09,BREAD/BAKERY,27889.96
2015-10-10,BREAD/BAKERY,29323.97503
2015-10-11,BREAD/BAKERY,36551.02502
2015-10-12,BREAD/BAKERY,26673.569
2015-10-13,BREAD/BAKERY,21938.80198
2015-10-14,BREAD/BAKERY,25063.91302
2015-10-15,BREAD/BAKERY,22429.883
2015-10-16,BREAD/BAKERY,25194.737
2015-10-17,BREAD/BAKERY,32345.352
2015-10-18,BREAD/BAKERY,41036.426
2015-10-19,BREAD/BAKERY,27060.081
2015-10-20,BREAD/BAKERY,23792.747
2015-10-21,BREAD/BAKERY,23992.55598
2015-10-22,BREAD/BAKERY,20845.657
2015-10-23,BREAD/BAKERY,22771.256
2015-10-24,BREAD/BAKERY,29709.74398
2015-10-25,BREAD/BAKERY,38180.183
2015-10-26,BREAD/BAKERY,24681.438000000002
2015-10-27,BREAD/BAKERY,21473.90398
2015-10-28,BREAD/BAKERY,21058.75997
2015-10-29,BREAD/BAKERY,18909.823
2015-10-30,BREAD/BAKERY,21223.536
2015-10-31,BREAD/BAKERY,27508.4649
2015-11-01,BREAD/BAKERY,26373.13
2015-11-02,BREAD/BAKERY,23964.951
2015-11-03,BREAD/BAKERY,33558.755
2015-11-04,BREAD/BAKERY,28335.09
2015-11-05,BREAD/BAKERY,22464.047
2015-11-06,BREAD/BAKERY,22746.113
2015-11-07,BREAD/BAKERY,31770.844
2015-11-08,BREAD/BAKERY,38781.713
2015-11-09,BREAD/BAKERY,25403.802
2015-11-10,BREAD/BAKERY,22994.383
2015-11-11,BREAD/BAKERY,23146.812
2015-11-12,BREAD/BAKERY,19315.71
2015-11-13,BREAD/BAKERY,22254.971
2015-11-14,BREAD/BAKERY,28726.99998
2015-11-15,BREAD/BAKERY,38560.2209
2015-11-16,BREAD/BAKERY,26853.538
2015-11-17,BREAD/BAKERY,22348.69203
2015-11-18,BREAD/BAKERY,23956.831000000002
2015-11-19,BREAD/BAKERY,19746.514
2015-11-20,BREAD/BAKERY,22471.721
2015-11-21,BREAD/BAKERY,29234.23287
2015-11-22,BREAD/BAKERY,37554.609
2015-11-23,BREAD/BAKERY,25332.428
2015-11-24,BREAD/BAKERY,22088.75102
2015-11-25,BREAD/BAKERY,22587.157
2015-11-26,BREAD/BAKERY,19342.583
2015-11-27,BREAD/BAKERY,20784.424
2015-11-28,BREAD/BAKERY,27536.21098
2015-11-29,BREAD/BAKERY,36838.45399
2015-11-30,BREAD/BAKERY,26026.559
2015-12-01,BREAD/BAKERY,26474.747
2015-12-02,BREAD/BAKERY,25807.624
2015-12-03,BREAD/BAKERY,21495.561
2015-12-04,BREAD/BAKERY,21542.902000000002
2015-12-05,BREAD/BAKERY,29338.885
2015-12-06,BREAD/BAKERY,37656.67297
2015-12-07,BREAD/BAKERY,27079.612
2015-12-08,BREAD/BAKERY,22875.404
2015-12-09,BREAD/BAKERY,22756.076
2015-12-10,BREAD/BAKERY,19810.83
2015-12-11,BREAD/BAKERY,21943.94198
2015-12-12,BREAD/BAKERY,27261.59402
2015-12-13,BREAD/BAKERY,34412.34803
2015-12-14,BREAD/BAKERY,25203.21998
2015-12-15,BREAD/BAKERY,23315.00998
2015-12-16,BREAD/BAKERY,23946.583
2015-12-17,BREAD/BAKERY,22390.1941
2015-12-18,BREAD/BAKERY,22293.095
2015-12-19,BREAD/BAKERY,27582.615
2015-12-20,BREAD/BAKERY,33388.051
2015-12-21,BREAD/BAKERY,27303.379
2015-12-22,BREAD/BAKERY,26483.266
2015-12-23,BREAD/BAKERY,26580.303
2015-12-24,BREAD/BAKERY,24331.84298
2015-12-26,BREAD/BAKERY,26906.597999999998
2015-12-27,BREAD/BAKERY,25052.22608
2015-12-28,BREAD/BAKERY,22886.317
2015-12-29,BREAD/BAKERY,23777.922
2015-12-30,BREAD/BAKERY,26900.798
2015-12-31,BREAD/BAKERY,27455.146
2016-01-01,BREAD/BAKERY,680.952
2016-01-02,BREAD/BAKERY,33464.57402
2016-01-03,BREAD/BAKERY,40905.38003
2016-01-04,BREAD/BAKERY,31278.86797
2016-01-05,BREAD/BAKERY,27189.87697
2016-01-06,BREAD/BAKERY,25631.930099999998
2016-01-07,BREAD/BAKERY,21621.98803
2016-01-08,BREAD/BAKERY,22463.518
2016-01-09,BREAD/BAKERY,30215.91103
2016-01-10,BREAD/BAKERY,37516.12
2016-01-11,BREAD/BAKERY,25171.75202
2016-01-12,BREAD/BAKERY,22641.13097
2016-01-13,BREAD/BAKERY,22593.58598
2016-01-14,BREAD/BAKERY,20479.134
2016-01-15,BREAD/BAKERY,22726.25
2016-01-16,BREAD/BAKERY,31100.719
2016-01-17,BREAD/BAKERY,37815.47603
2016-01-18,BREAD/BAKERY,25053.496
2016-01-19,BREAD/BAKERY,22443.274
2016-01-20,BREAD/BAKERY,24535.381
2016-01-21,BREAD/BAKERY,20289.228
2016-01-22,BREAD/BAKERY,22693.42998
2016-01-23,BREAD/BAKERY,29442.695
2016-01-24,BREAD/BAKERY,35201.10503
2016-01-25,BREAD/BAKERY,24731.331
2016-01-26,BREAD/BAKERY,21938.672
2016-01-27,BREAD/BAKERY,22215.79902
2016-01-28,BREAD/BAKERY,19690.37903
2016-01-29,BREAD/BAKERY,23194.7051
2016-01-30,BREAD/BAKERY,31066.643
2016-01-31,BREAD/BAKERY,38235.52902
2016-02-01,BREAD/BAKERY,28707.817
2016-02-02,BREAD/BAKERY,24323.983
2016-02-03,BREAD/BAKERY,24888.357
2016-02-04,BREAD/BAKERY,21973.75898
2016-02-05,BREAD/BAKERY,25033.27098
2016-02-06,BREAD/BAKERY,28754.70797
2016-02-07,BREAD/BAKERY,22290.42698
2016-02-08,BREAD/BAKERY,20594.5481
2016-02-09,BREAD/BAKERY,25672.237
2016-02-10,BREAD/BAKERY,27565.52897
2016-02-11,BREAD/BAKERY,22655.526
2016-02-12,BREAD/BAKERY,23665.856
2016-02-13,BREAD/BAKERY,28448.95008
2016-02-14,BREAD/BAKERY,32300.273985
2016-02-15,BREAD/BAKERY,26083.661
2016-02-16,BREAD/BAKERY,24620.357
2016-02-17,BREAD/BAKERY,24579.123
2016-02-18,BREAD/BAKERY,20883.504
2016-02-19,BREAD/BAKERY,23171.387
2016-02-20,BREAD/BAKERY,29175.78098
2016-02-21,BREAD/BAKERY,34413.258
2016-02-22,BREAD/BAKERY,24988.66002
2016-02-23,BREAD/BAKERY,21698.63702
2016-02-24,BREAD/BAKERY,23333.079
2016-02-25,BREAD/BAKERY,20388.914
2016-02-26,BREAD/BAKERY,23327.805
2016-02-27,BREAD/BAKERY,30473.342
2016-02-28,BREAD/BAKERY,35826.064
2016-02-29,BREAD/BAKERY,26613.27097
2016-03-01,BREAD/BAKERY,29700.79303
2016-03-02,BREAD/BAKERY,29574.06
2016-03-03,BREAD/BAKERY,24125.238
2016-03-04,BREAD/BAKERY,26265.54409
2016-03-05,BREAD/BAKERY,34010.704
2016-03-06,BREAD/BAKERY,38449.48499
2016-03-07,BREAD/BAKERY,27755.53898
2016-03-08,BREAD/BAKERY,22949.644
2016-03-09,BREAD/BAKERY,24457.301
2016-03-10,BREAD/BAKERY,21495.05
2016-03-11,BREAD/BAKERY,23819.166
2016-03-12,BREAD/BAKERY,31789.7269
2016-03-13,BREAD/BAKERY,36102.231
2016-03-14,BREAD/BAKERY,25588.578
2016-03-15,BREAD/BAKERY,24406.87
2016-03-16,BREAD/BAKERY,26265.203
2016-03-17,BREAD/BAKERY,21999.91498
2016-03-18,BREAD/BAKERY,24248.760000000002
2016-03-19,BREAD/BAKERY,29532.7141
2016-03-20,BREAD/BAKERY,34067.363
2016-03-21,BREAD/BAKERY,24501.339
2016-03-22,BREAD/BAKERY,21369.396
2016-03-23,BREAD/BAKERY,23527.81998
2016-03-24,BREAD/BAKERY,22130.332
2016-03-25,BREAD/BAKERY,22210.520099999998
2016-03-26,BREAD/BAKERY,28149.17998
2016-03-27,BREAD/BAKERY,31568.035
2016-03-28,BREAD/BAKERY,25474.638
2016-03-29,BREAD/BAKERY,22307.213
2016-03-30,BREAD/BAKERY,23982.0839
2016-03-31,BREAD/BAKERY,22874.195
2016-04-01,BREAD/BAKERY,28952.325
2016-04-02,BREAD/BAKERY,36650.9
2016-04-03,BREAD/BAKERY,43150.05097
2016-04-04,BREAD/BAKERY,28239.235
2016-04-05,BREAD/BAKERY,25021.497
2016-04-06,BREAD/BAKERY,24725.356
2016-04-07,BREAD/BAKERY,20965.261
2016-04-08,BREAD/BAKERY,23564.665
2016-04-09,BREAD/BAKERY,30968.577
2016-04-10,BREAD/BAKERY,35802.26697
2016-04-11,BREAD/BAKERY,24960.968
2016-04-12,BREAD/BAKERY,23774.224
2016-04-13,BREAD/BAKERY,23391.76904
2016-04-14,BREAD/BAKERY,20955.96697
2016-04-15,BREAD/BAKERY,23796.55698
2016-04-16,BREAD/BAKERY,28870.71197
2016-04-17,BREAD/BAKERY,39600.63
2016-04-18,BREAD/BAKERY,32891.6389
2016-04-19,BREAD/BAKERY,28770.589
2016-04-20,BREAD/BAKERY,29698.121
2016-04-21,BREAD/BAKERY,25312.69
2016-04-22,BREAD/BAKERY,26541.36798
2016-04-23,BREAD/BAKERY,33780.19897
2016-04-24,BREAD/BAKERY,38515.746
2016-04-25,BREAD/BAKERY,25388.252
2016-04-26,BREAD/BAKERY,24203.56303
2016-04-27,BREAD/BAKERY,24138.027
2016-04-28,BREAD/BAKERY,21647.82298
2016-04-29,BREAD/BAKERY,24867.72702
2016-04-30,BREAD/BAKERY,35633.197
2016-05-01,BREAD/BAKERY,46090.30697
2016-05-02,BREAD/BAKERY,30770.11898
2016-05-03,BREAD/BAKERY,28639.557
2016-05-04,BREAD/BAKERY,28379.423
2016-05-05,BREAD/BAKERY,24292.1769
2016-05-06,BREAD/BAKERY,26255.327
2016-05-07,BREAD/BAKERY,37116.961
2016-05-08,BREAD/BAKERY,31542.749
2016-05-09,BREAD/BAKERY,30788.4941
2016-05-10,BREAD/BAKERY,26290.35
2016-05-11,BREAD/BAKERY,26841.019
2016-05-12,BREAD/BAKERY,22942.697
2016-05-13,BREAD/BAKERY,25012.327
2016-05-14,BREAD/BAKERY,34429.13698
2016-05-15,BREAD/BAKERY,42187.329
2016-05-16,BREAD/BAKERY,29509.433
2016-05-17,BREAD/BAKERY,26150.752
2016-05-18,BREAD/BAKERY,25136.13
2016-05-19,BREAD/BAKERY,23294.426
2016-05-20,BREAD/BAKERY,26222.364
2016-05-21,BREAD/BAKERY,33343.582
2016-05-22,BREAD/BAKERY,41701.887
2016-05-23,BREAD/BAKERY,28400.24
2016-05-24,BREAD/BAKERY,23910.801
2016-05-25,BREAD/BAKERY,23795.51602
2016-05-26,BREAD/BAKERY,22422.94413
2016-05-27,BREAD/BAKERY,30114.83313
2016-05-28,BREAD/BAKERY,30947.07503
2016-05-29,BREAD/BAKERY,38872.576
2016-05-30,BREAD/BAKERY,29705.539
2016-05-31,BREAD/BAKERY,34419.539
2016-06-01,BREAD/BAKERY,28707.3411
2016-06-02,BREAD/BAKERY,25707.164
2016-06-03,BREAD/BAKERY,28044.314
2016-06-04,BREAD/BAKERY,36423.4801
2016-06-05,BREAD/BAKERY,44324.948
2016-06-06,BREAD/BAKERY,29564.907
2016-06-07,BREAD/BAKERY,26163.274
2016-06-08,BREAD/BAKERY,27184.092
2016-06-09,BREAD/BAKERY,23454.04798
2016-06-10,BREAD/BAKERY,25262.29497
2016-06-11,BREAD/BAKERY,33001.05708
2016-06-12,BREAD/BAKERY,40815.275
2016-06-13,BREAD/BAKERY,27661.876
2016-06-14,BREAD/BAKERY,25452.177
2016-06-15,BREAD/BAKERY,27758.115
2016-06-16,BREAD/BAKERY,25349.674
2016-06-17,BREAD/BAKERY,26720.79802
2016-06-18,BREAD/BAKERY,36184.47702
2016-06-19,BREAD/BAKERY,33866.5
2016-06-20,BREAD/BAKERY,29590.45
2016-06-21,BREAD/BAKERY,26476.33303
2016-06-22,BREAD/BAKERY,25554.913
2016-06-23,BREAD/BAKERY,23661.56397
2016-06-24,BREAD/BAKERY,25673.24097
2016-06-25,BREAD/BAKERY,32961.623999999996
2016-06-26,BREAD/BAKERY,39782.873999999996
2016-06-27,BREAD/BAKERY,27186.698
2016-06-28,BREAD/BAKERY,24628.07598
2016-06-29,BREAD/BAKERY,25251.431
2016-06-30,BREAD/BAKERY,23372.671
2016-07-01,BREAD/BAKERY,30216.244
2016-07-02,BREAD/BAKERY,38048.781
2016-07-03,BREAD/BAKERY,43685.71503
2016-07-04,BREAD/BAKERY,30972.379
2016-07-05,BREAD/BAKERY,27593.58
2016-07-06,BREAD/BAKERY,27595.91904
2016-07-07,BREAD/BAKERY,23650.36
2016-07-08,BREAD/BAKERY,26647.269
2016-07-09,BREAD/BAKERY,32288.613
2016-07-10,BREAD/BAKERY,38384.98013
2016-07-11,BREAD/BAKERY,28220.193
2016-07-12,BREAD/BAKERY,25235.048
2016-07-13,BREAD/BAKERY,25801.736
2016-07-14,BREAD/BAKERY,22845.9681
2016-07-15,BREAD/BAKERY,26605.999
2016-07-16,BREAD/BAKERY,32754.314
2016-07-17,BREAD/BAKERY,37819.71697
2016-07-18,BREAD/BAKERY,27929.41997
2016-07-19,BREAD/BAKERY,25657.042
2016-07-20,BREAD/BAKERY,26000.814
2016-07-21,BREAD/BAKERY,22885.26597
2016-07-22,BREAD/BAKERY,25462.68902
2016-07-23,BREAD/BAKERY,30494.53597
2016-07-24,BREAD/BAKERY,33692.05697
2016-07-25,BREAD/BAKERY,28322.738
2016-07-26,BREAD/BAKERY,24520.79202
2016-07-27,BREAD/BAKERY,24454.47
2016-07-28,BREAD/BAKERY,21277.823
2016-07-29,BREAD/BAKERY,25408.353
2016-07-30,BREAD/BAKERY,31923.57303
2016-07-31,BREAD/BAKERY,38330.17797
2016-08-01,BREAD/BAKERY,32178.217
2016-08-02,BREAD/BAKERY,27304.434
2016-08-03,BREAD/BAKERY,28163.474
2016-08-04,BREAD/BAKERY,24207.155
2016-08-05,BREAD/BAKERY,27334.13995
2016-08-06,BREAD/BAKERY,31920.608
2016-08-07,BREAD/BAKERY,36249.023
2016-08-08,BREAD/BAKERY,28705.819
2016-08-09,BREAD/BAKERY,24999.771
2016-08-10,BREAD/BAKERY,25334.426
2016-08-11,BREAD/BAKERY,24019.716
2016-08-12,BREAD/BAKERY,28519.758
2016-08-13,BREAD/BAKERY,27247.73107
2016-08-14,BREAD/BAKERY,31484.29398
2016-08-15,BREAD/BAKERY,28868.373
2016-08-16,BREAD/BAKERY,27491.016
2016-08-17,BREAD/BAKERY,26785.485
2016-08-18,BREAD/BAKERY,23335.656
2016-08-19,BREAD/BAKERY,25805.503
2016-08-20,BREAD/BAKERY,30128.822
2016-08-21,BREAD/BAKERY,36058.554
2016-08-22,BREAD/BAKERY,27517.589
2016-08-23,BREAD/BAKERY,25574.90698
2016-08-24,BREAD/BAKERY,25459.665
2016-08-25,BREAD/BAKERY,20971.944
2016-08-26,BREAD/BAKERY,24357.461
2016-08-27,BREAD/BAKERY,29036.715
2016-08-28,BREAD/BAKERY,34060.653
2016-08-29,BREAD/BAKERY,26106.733
2016-08-30,BREAD/BAKERY,24076.757
2016-08-31,BREAD/BAKERY,26629.698
2016-09-01,BREAD/BAKERY,25138.584
2016-09-02,BREAD/BAKERY,28675.093
2016-09-03,BREAD/BAKERY,35754.39197
2016-09-04,BREAD/BAKERY,41518.688
2016-09-05,BREAD/BAKERY,31015.783
2016-09-06,BREAD/BAKERY,28444.624
2016-09-07,BREAD/BAKERY,26954.62397
2016-09-08,BREAD/BAKERY,22999.11098
2016-09-09,BREAD/BAKERY,24941.608
2016-09-10,BREAD/BAKERY,33265.766
2016-09-11,BREAD/BAKERY,41510.8921
2016-09-12,BREAD/BAKERY,27456.298
2016-09-13,BREAD/BAKERY,23919.48
2016-09-14,BREAD/BAKERY,24365.966
2016-09-15,BREAD/BAKERY,23018.501
2016-09-16,BREAD/BAKERY,26289.004
2016-09-17,BREAD/BAKERY,32260.906
2016-09-18,BREAD/BAKERY,41312.356
2016-09-19,BREAD/BAKERY,27759.48
2016-09-20,BREAD/BAKERY,25141.785
2016-09-21,BREAD/BAKERY,24760.384
2016-09-22,BREAD/BAKERY,20793.406
2016-09-23,BREAD/BAKERY,24639.889
2016-09-24,BREAD/BAKERY,30912.98
2016-09-25,BREAD/BAKERY,38077.875
2016-09-26,BREAD/BAKERY,26702.745
2016-09-27,BREAD/BAKERY,22611.809979999998
2016-09-28,BREAD/BAKERY,24010.9
2016-09-29,BREAD/BAKERY,20589.635000000002
2016-09-30,BREAD/BAKERY,25575.601
2016-10-01,BREAD/BAKERY,38323.723
2016-10-02,BREAD/BAKERY,44698.513
2016-10-03,BREAD/BAKERY,30472.72595
2016-10-04,BREAD/BAKERY,25750.408
2016-10-05,BREAD/BAKERY,26028.926
2016-10-06,BREAD/BAKERY,21335.23
2016-10-07,BREAD/BAKERY,25821.086
2016-10-08,BREAD/BAKERY,32422.57903
2016-10-09,BREAD/BAKERY,42676.969
2016-10-10,BREAD/BAKERY,27751.466
2016-10-11,BREAD/BAKERY,24027.59
2016-10-12,BREAD/BAKERY,23524.99602
2016-10-13,BREAD/BAKERY,21668.92
2016-10-14,BREAD/BAKERY,24549.262
2016-10-15,BREAD/BAKERY,31196.085
2016-10-16,BREAD/BAKERY,42381.796
2016-10-17,BREAD/BAKERY,27230.185
2016-10-18,BREAD/BAKERY,23855.06603
2016-10-19,BREAD/BAKERY,23354.60197
2016-10-20,BREAD/BAKERY,21635.38596
2016-10-21,BREAD/BAKERY,23858.692
2016-10-22,BREAD/BAKERY,30221.436999999998
2016-10-23,BREAD/BAKERY,38682.92294
2016-10-24,BREAD/BAKERY,25095.738
2016-10-25,BREAD/BAKERY,23224.029
2016-10-26,BREAD/BAKERY,22601.711
2016-10-27,BREAD/BAKERY,21491.257
2016-10-28,BREAD/BAKERY,23744.78
2016-10-29,BREAD/BAKERY,28788.527000000002
2016-10-30,BREAD/BAKERY,35065.572
2016-10-31,BREAD/BAKERY,23393.683
2016-11-01,BREAD/BAKERY,26266.842
2016-11-02,BREAD/BAKERY,29341.763
2016-11-03,BREAD/BAKERY,25127.78902
2016-11-04,BREAD/BAKERY,27630.57191
2016-11-05,BREAD/BAKERY,28501.618
2016-11-06,BREAD/BAKERY,41088.963
2016-11-07,BREAD/BAKERY,29661.601
2016-11-08,BREAD/BAKERY,26902.452
2016-11-09,BREAD/BAKERY,26556.556
2016-11-10,BREAD/BAKERY,21911.681
2016-11-11,BREAD/BAKERY,26055.031
2016-11-12,BREAD/BAKERY,32567.95498
2016-11-13,BREAD/BAKERY,44902.4041
2016-11-14,BREAD/BAKERY,27738.419
2016-11-15,BREAD/BAKERY,24621.544
2016-11-16,BREAD/BAKERY,28056.49092
2016-11-17,BREAD/BAKERY,21872.581
2016-11-18,BREAD/BAKERY,25379.18708
2016-11-19,BREAD/BAKERY,31817.005
2016-11-20,BREAD/BAKERY,41201.825
2016-11-21,BREAD/BAKERY,28066.548
2016-11-22,BREAD/BAKERY,24081.446
2016-11-23,BREAD/BAKERY,26137.696
2016-11-24,BREAD/BAKERY,20867.52305
2016-11-25,BREAD/BAKERY,24137.254
2016-11-26,BREAD/BAKERY,29541.882
2016-11-27,BREAD/BAKERY,38434.773
2016-11-28,BREAD/BAKERY,27130.069
2016-11-29,BREAD/BAKERY,23043.38497
2016-11-30,BREAD/BAKERY,25649.692
2016-12-01,BREAD/BAKERY,25923.751
2016-12-02,BREAD/BAKERY,26246.306
2016-12-03,BREAD/BAKERY,34652.3071
2016-12-04,BREAD/BAKERY,43995.695
2016-12-05,BREAD/BAKERY,27941.012
2016-12-06,BREAD/BAKERY,30523.1849
2016-12-07,BREAD/BAKERY,27945.28
2016-12-08,BREAD/BAKERY,22218.94
2016-12-09,BREAD/BAKERY,25685.06
2016-12-10,BREAD/BAKERY,28866.48303
2016-12-11,BREAD/BAKERY,38209.014
2016-12-12,BREAD/BAKERY,27056.235
2016-12-13,BREAD/BAKERY,23722.677
2016-12-14,BREAD/BAKERY,25084.019
2016-12-15,BREAD/BAKERY,23453.237
2016-12-16,BREAD/BAKERY,25739.269
2016-12-17,BREAD/BAKERY,30530.6741
2016-12-18,BREAD/BAKERY,39059.725
2016-12-19,BREAD/BAKERY,29161.98202
2016-12-20,BREAD/BAKERY,27318.79
2016-12-21,BREAD/BAKERY,28701.268
2016-12-22,BREAD/BAKERY,26675.39202
2016-12-23,BREAD/BAKERY,28858.233
2016-12-24,BREAD/BAKERY,27301.83697
2016-12-26,BREAD/BAKERY,29190.65597
2016-12-27,BREAD/BAKERY,25662.129
2016-12-28,BREAD/BAKERY,26546.551
2016-12-29,BREAD/BAKERY,24134.10398
2016-12-30,BREAD/BAKERY,31058.871
2016-12-31,BREAD/BAKERY,31432.83107
2017-01-01,BREAD/BAKERY,490.573
2017-01-02,BREAD/BAKERY,45621.159999999996
2017-01-03,BREAD/BAKERY,35916.702
2017-01-04,BREAD/BAKERY,32084.673
2017-01-05,BREAD/BAKERY,26757.627
2017-01-06,BREAD/BAKERY,27749.157
2017-01-07,BREAD/BAKERY,35068.903
2017-01-08,BREAD/BAKERY,41942.762
2017-01-09,BREAD/BAKERY,28934.065
2017-01-10,BREAD/BAKERY,26632.135
2017-01-11,BREAD/BAKERY,27484.065
2017-01-12,BREAD/BAKERY,23296.13
2017-01-13,BREAD/BAKERY,27171.48
2017-01-14,BREAD/BAKERY,35036.16897
2017-01-15,BREAD/BAKERY,44006.639989999996
2017-01-16,BREAD/BAKERY,30605.741
2017-01-17,BREAD/BAKERY,26390.172
2017-01-18,BREAD/BAKERY,27459.107
2017-01-19,BREAD/BAKERY,22410.604
2017-01-20,BREAD/BAKERY,26599.79198
2017-01-21,BREAD/BAKERY,37495.28898
2017-01-22,BREAD/BAKERY,42799.407
2017-01-23,BREAD/BAKERY,29777.463
2017-01-24,BREAD/BAKERY,25637.769
2017-01-25,BREAD/BAKERY,27586.894
2017-01-26,BREAD/BAKERY,23316.22197
2017-01-27,BREAD/BAKERY,27873.242
2017-01-28,BREAD/BAKERY,35151.09681
2017-01-29,BREAD/BAKERY,42198.71302
2017-01-30,BREAD/BAKERY,28705.781
2017-01-31,BREAD/BAKERY,29084.417980000002
2017-02-01,BREAD/BAKERY,33187.2
2017-02-02,BREAD/BAKERY,26954.79
2017-02-03,BREAD/BAKERY,30017.65512
2017-02-04,BREAD/BAKERY,37703.445
2017-02-05,BREAD/BAKERY,41884.251000000004
2017-02-06,BREAD/BAKERY,29098.216
2017-02-07,BREAD/BAKERY,26992.256
2017-02-08,BREAD/BAKERY,27527.496
2017-02-09,BREAD/BAKERY,23861.177
2017-02-10,BREAD/BAKERY,28404.396
2017-02-11,BREAD/BAKERY,34339.565
2017-02-12,BREAD/BAKERY,43707.244
2017-02-13,BREAD/BAKERY,32191.745
2017-02-14,BREAD/BAKERY,24062.02198
2017-02-15,BREAD/BAKERY,27873.2311
2017-02-16,BREAD/BAKERY,24924.725
2017-02-17,BREAD/BAKERY,27448.672
2017-02-18,BREAD/BAKERY,37131.519
2017-02-19,BREAD/BAKERY,33248.0051
2017-02-20,BREAD/BAKERY,28400.424
2017-02-21,BREAD/BAKERY,26123.692
2017-02-22,BREAD/BAKERY,26399.98102
2017-02-23,BREAD/BAKERY,25068.89212
2017-02-24,BREAD/BAKERY,28576.834
2017-02-25,BREAD/BAKERY,33767.85188
2017-02-26,BREAD/BAKERY,27868.235099999998
2017-02-27,BREAD/BAKERY,25556.97502
2017-02-28,BREAD/BAKERY,33502.715
2017-03-01,BREAD/BAKERY,36097.442
2017-03-02,BREAD/BAKERY,28790.647
2017-03-03,BREAD/BAKERY,30096.02
2017-03-04,BREAD/BAKERY,37619.97098
2017-03-05,BREAD/BAKERY,42920.20597
2017-03-06,BREAD/BAKERY,29100.739999999998
2017-03-07,BREAD/BAKERY,27495.331
2017-03-08,BREAD/BAKERY,27561.733
2017-03-09,BREAD/BAKERY,24670.341
2017-03-10,BREAD/BAKERY,29201.241
2017-03-11,BREAD/BAKERY,35315.20908
2017-03-12,BREAD/BAKERY,43747.136
2017-03-13,BREAD/BAKERY,29540.249
2017-03-14,BREAD/BAKERY,27335.64
2017-03-15,BREAD/BAKERY,30437.322
2017-03-16,BREAD/BAKERY,26659.851
2017-03-17,BREAD/BAKERY,29900.407
2017-03-18,BREAD/BAKERY,36291.954
2017-03-19,BREAD/BAKERY,43457.347
2017-03-20,BREAD/BAKERY,30861.28898
2017-03-21,BREAD/BAKERY,26472.997
2017-03-22,BREAD/BAKERY,27581.886
2017-03-23,BREAD/BAKERY,23181.470999999998
2017-03-24,BREAD/BAKERY,27598.740999999998
2017-03-25,BREAD/BAKERY,34769.41503
2017-03-26,BREAD/BAKERY,41165.0929
2017-03-27,BREAD/BAKERY,28248.935
2017-03-28,BREAD/BAKERY,24206.7699
2017-03-29,BREAD/BAKERY,27683.508
2017-03-30,BREAD/BAKERY,22308.675
2017-03-31,BREAD/BAKERY,29589.59008
2017-04-01,BREAD/BAKERY,45561.273
2017-04-02,BREAD/BAKERY,38362.32703
2017-04-03,BREAD/BAKERY,28603.191
2017-04-04,BREAD/BAKERY,27265.2021
2017-04-05,BREAD/BAKERY,28376.857
2017-04-06,BREAD/BAKERY,22679.06897
2017-04-07,BREAD/BAKERY,24993.918
2017-04-08,BREAD/BAKERY,32604.958
2017-04-09,BREAD/BAKERY,38745.583
2017-04-10,BREAD/BAKERY,25891.30098
2017-04-11,BREAD/BAKERY,23715.96797
2017-04-12,BREAD/BAKERY,24161.85696
2017-04-13,BREAD/BAKERY,24042.343
2017-04-14,BREAD/BAKERY,24614.739
2017-04-15,BREAD/BAKERY,29308.94
2017-04-16,BREAD/BAKERY,35625.402
2017-04-17,BREAD/BAKERY,27849.63897
2017-04-18,BREAD/BAKERY,25093.312
2017-04-19,BREAD/BAKERY,25783.608
2017-04-20,BREAD/BAKERY,24198.339
2017-04-21,BREAD/BAKERY,27107.234
2017-04-22,BREAD/BAKERY,32110.8359
2017-04-23,BREAD/BAKERY,41113.932
2017-04-24,BREAD/BAKERY,27754.37
2017-04-25,BREAD/BAKERY,26282.87802
2017-04-26,BREAD/BAKERY,27025.692
2017-04-27,BREAD/BAKERY,22195.83303
2017-04-28,BREAD/BAKERY,26805.27696
2017-04-29,BREAD/BAKERY,34711.151
2017-04-30,BREAD/BAKERY,35445.25898
2017-05-01,BREAD/BAKERY,44579.61597
2017-05-02,BREAD/BAKERY,31567.837
2017-05-03,BREAD/BAKERY,29955.104
2017-05-04,BREAD/BAKERY,24374.95398
2017-05-05,BREAD/BAKERY,26587.677
2017-05-06,BREAD/BAKERY,34575.62397
2017-05-07,BREAD/BAKERY,45090.14698
2017-05-08,BREAD/BAKERY,29234.573
2017-05-09,BREAD/BAKERY,26332.646
2017-05-10,BREAD/BAKERY,26429.544
2017-05-11,BREAD/BAKERY,23586.987
2017-05-12,BREAD/BAKERY,25751.942
2017-05-13,BREAD/BAKERY,36539.6351
2017-05-14,BREAD/BAKERY,32881.28
2017-05-15,BREAD/BAKERY,30969.837
2017-05-16,BREAD/BAKERY,29316.227
2017-05-17,BREAD/BAKERY,28390.972999999998
2017-05-18,BREAD/BAKERY,23206.898
2017-05-19,BREAD/BAKERY,27250.539
2017-05-20,BREAD/BAKERY,34673.53997
2017-05-21,BREAD/BAKERY,43966.883
2017-05-22,BREAD/BAKERY,28491.50203
2017-05-23,BREAD/BAKERY,25610.219
2017-05-24,BREAD/BAKERY,25838.383
2017-05-25,BREAD/BAKERY,22609.13797
2017-05-26,BREAD/BAKERY,32348.5522
2017-05-27,BREAD/BAKERY,32096.579999999998
2017-05-28,BREAD/BAKERY,39801.257
2017-05-29,BREAD/BAKERY,29523.625
2017-05-30,BREAD/BAKERY,26738.852
2017-05-31,BREAD/BAKERY,30575.07898
2017-06-01,BREAD/BAKERY,26412.13
2017-06-02,BREAD/BAKERY,28757.22
2017-06-03,BREAD/BAKERY,37014.70698
2017-06-04,BREAD/BAKERY,46445.71698
2017-06-05,BREAD/BAKERY,30361.753
2017-06-06,BREAD/BAKERY,26507.896
2017-06-07,BREAD/BAKERY,27771.144
2017-06-08,BREAD/BAKERY,23135.54902
2017-06-09,BREAD/BAKERY,26476.327
2017-06-10,BREAD/BAKERY,32908.3771
2017-06-11,BREAD/BAKERY,43157.834969999996
2017-06-12,BREAD/BAKERY,28125.892
2017-06-13,BREAD/BAKERY,25406.69902
2017-06-14,BREAD/BAKERY,27323.993
2017-06-15,BREAD/BAKERY,24072.57498
2017-06-16,BREAD/BAKERY,27130.592
2017-06-17,BREAD/BAKERY,36456.287
2017-06-18,BREAD/BAKERY,36064.358
2017-06-19,BREAD/BAKERY,30510.167
2017-06-20,BREAD/BAKERY,29337.30702
2017-06-21,BREAD/BAKERY,27474.723
2017-06-22,BREAD/BAKERY,23410.36701
2017-06-23,BREAD/BAKERY,27454.647
2017-06-24,BREAD/BAKERY,34144.42313
2017-06-25,BREAD/BAKERY,41699.514
2017-06-26,BREAD/BAKERY,28669.222999999998
2017-06-27,BREAD/BAKERY,25639.12502
2017-06-28,BREAD/BAKERY,26531.135
2017-06-29,BREAD/BAKERY,24142.70603
2017-06-30,BREAD/BAKERY,27596.8001
2017-07-01,BREAD/BAKERY,38304.17298
2017-07-02,BREAD/BAKERY,44839.791
2017-07-03,BREAD/BAKERY,32696.443
2017-07-04,BREAD/BAKERY,28806.21
2017-07-05,BREAD/BAKERY,28769.54202
2017-07-06,BREAD/BAKERY,24758.21
2017-07-07,BREAD/BAKERY,28049.33897
2017-07-08,BREAD/BAKERY,32995.155
2017-07-09,BREAD/BAKERY,40633.641
2017-07-10,BREAD/BAKERY,29713.900999999998
2017-07-11,BREAD/BAKERY,26240.07602
2017-07-12,BREAD/BAKERY,26799.802
2017-07-13,BREAD/BAKERY,23350.788
2017-07-14,BREAD/BAKERY,26526.85402
2017-07-15,BREAD/BAKERY,31755.759
2017-07-16,BREAD/BAKERY,39647.66697
2017-07-17,BREAD/BAKERY,29796.482
2017-07-18,BREAD/BAKERY,25286.87397
2017-07-19,BREAD/BAKERY,25960.303
2017-07-20,BREAD/BAKERY,23985.15398
2017-07-21,BREAD/BAKERY,25576.58097
2017-07-22,BREAD/BAKERY,30155.566
2017-07-23,BREAD/BAKERY,35511.562
2017-07-24,BREAD/BAKERY,29497.73002
2017-07-25,BREAD/BAKERY,25603.78505
2017-07-26,BREAD/BAKERY,25293.67002
2017-07-27,BREAD/BAKERY,22202.827
2017-07-28,BREAD/BAKERY,26636.29697
2017-07-29,BREAD/BAKERY,32232.35003
2017-07-30,BREAD/BAKERY,37865.139
2017-07-31,BREAD/BAKERY,30381.733
2017-08-01,BREAD/BAKERY,31075.70698
2017-08-02,BREAD/BAKERY,29808.405
2017-08-03,BREAD/BAKERY,24495.84399
2017-08-04,BREAD/BAKERY,28771.1359
2017-08-05,BREAD/BAKERY,32727.436999999998
2017-08-06,BREAD/BAKERY,38117.948
2017-08-07,BREAD/BAKERY,29332.098
2017-08-08,BREAD/BAKERY,26226.518
2017-08-09,BREAD/BAKERY,25880.209
2017-08-10,BREAD/BAKERY,23947.023
2017-08-11,BREAD/BAKERY,28204.486
2017-08-12,BREAD/BAKERY,27403.548
2017-08-13,BREAD/BAKERY,33262.757
2017-08-14,BREAD/BAKERY,28002.457
2017-08-15,BREAD/BAKERY,29158.19502
2015-01-01,DAIRY,875.0
2015-01-02,DAIRY,43474.0
2015-01-03,DAIRY,45711.0
2015-01-04,DAIRY,56921.0
2015-01-05,DAIRY,43653.0
2015-01-06,DAIRY,34717.0
2015-01-07,DAIRY,37639.0
2015-01-08,DAIRY,29987.0
2015-01-09,DAIRY,31819.0
2015-01-10,DAIRY,42677.0
2015-01-11,DAIRY,54515.0
2015-01-12,DAIRY,35223.0
2015-01-13,DAIRY,30234.0
2015-01-14,DAIRY,31931.0
2015-01-15,DAIRY,27841.0
2015-01-16,DAIRY,31185.0
2015-01-17,DAIRY,46916.0
2015-01-18,DAIRY,54699.0
2015-01-19,DAIRY,34881.0
2015-01-20,DAIRY,30803.0
2015-01-21,DAIRY,32679.0
2015-01-22,DAIRY,27471.0
2015-01-23,DAIRY,30730.0
2015-01-24,DAIRY,45400.0
2015-01-25,DAIRY,52057.0
2015-01-26,DAIRY,32854.0
2015-01-27,DAIRY,29059.0
2015-01-28,DAIRY,31071.0
2015-01-29,DAIRY,26415.0
2015-01-30,DAIRY,32610.0
2015-01-31,DAIRY,48474.0
2015-02-01,DAIRY,62698.0
2015-02-02,DAIRY,39706.0
2015-02-03,DAIRY,34970.0
2015-02-04,DAIRY,34538.0
2015-02-05,DAIRY,28591.0
2015-02-06,DAIRY,30530.0
2015-02-07,DAIRY,42736.0
2015-02-08,DAIRY,47717.0
2015-02-09,DAIRY,33762.0
2015-02-10,DAIRY,29726.0
2015-02-11,DAIRY,30295.0
2015-02-12,DAIRY,27205.0
2015-02-13,DAIRY,33911.0
2015-02-14,DAIRY,38281.0
2015-02-15,DAIRY,31034.0
2015-02-16,DAIRY,29926.0
2015-02-17,DAIRY,37854.0
2015-02-18,DAIRY,39086.0
2015-02-19,DAIRY,31427.0
2015-02-20,DAIRY,35297.0
2015-02-21,DAIRY,43248.0
2015-02-22,DAIRY,55470.0
2015-02-23,DAIRY,34267.0
2015-02-24,DAIRY,31665.0
2015-02-25,DAIRY,31620.0
2015-02-26,DAIRY,26888.0
2015-02-27,DAIRY,31613.0
2015-02-28,DAIRY,46686.0
2015-03-01,DAIRY,61853.0
2015-03-02,DAIRY,42031.0
2015-03-03,DAIRY,37304.0
2015-03-04,DAIRY,38730.0
2015-03-05,DAIRY,32177.0
2015-03-06,DAIRY,35157.0
2015-03-07,DAIRY,50517.0
2015-03-08,DAIRY,53023.0
2015-03-09,DAIRY,38047.0
2015-03-10,DAIRY,35151.0
2015-03-11,DAIRY,34546.0
2015-03-12,DAIRY,29252.0
2015-03-13,DAIRY,32664.0
2015-03-14,DAIRY,47344.0
2015-03-15,DAIRY,53804.0
2015-03-16,DAIRY,37328.0
2015-03-17,DAIRY,33423.0
2015-03-18,DAIRY,33755.0
2015-03-19,DAIRY,29905.0
2015-03-20,DAIRY,35782.0
2015-03-21,DAIRY,48899.0
2015-03-22,DAIRY,53918.0
2015-03-23,DAIRY,37024.0
2015-03-24,DAIRY,32512.0
2015-03-25,DAIRY,34375.0
2015-03-26,DAIRY,28512.0
2015-03-27,DAIRY,35119.0
2015-03-28,DAIRY,46864.0
2015-03-29,DAIRY,53608.0
2015-03-30,DAIRY,36006.0
2015-03-31,DAIRY,36221.0
2015-04-01,DAIRY,47767.0
2015-04-02,DAIRY,45298.0
2015-04-03,DAIRY,41882.0
2015-04-04,DAIRY,48347.0
2015-04-05,DAIRY,51737.0
2015-04-06,DAIRY,40184.0
2015-04-07,DAIRY,35929.0
2015-04-08,DAIRY,35979.0
2015-04-09,DAIRY,29937.0
2015-04-10,DAIRY,33687.0
2015-04-11,DAIRY,46238.0
2015-04-12,DAIRY,53502.0
2015-04-13,DAIRY,35416.0
2015-04-14,DAIRY,30438.0
2015-04-15,DAIRY,35230.0
2015-04-16,DAIRY,31794.0
2015-04-17,DAIRY,35317.0
2015-04-18,DAIRY,49669.0
2015-04-19,DAIRY,57072.0
2015-04-20,DAIRY,38517.0
2015-04-21,DAIRY,33530.0
2015-04-22,DAIRY,33967.0
2015-04-23,DAIRY,30274.0
2015-04-24,DAIRY,33792.0
2015-04-25,DAIRY,45705.0
2015-04-26,DAIRY,51938.0
2015-04-27,DAIRY,34230.0
2015-04-28,DAIRY,29839.0
2015-04-29,DAIRY,31530.0
2015-04-30,DAIRY,32435.0
2015-05-01,DAIRY,48210.0
2015-05-02,DAIRY,52131.0
2015-05-03,DAIRY,57596.0
2015-05-04,DAIRY,41448.0
2015-05-05,DAIRY,37761.0
2015-05-06,DAIRY,38609.0
2015-05-07,DAIRY,32472.0
2015-05-08,DAIRY,35899.0
2015-05-09,DAIRY,56704.0
2015-05-10,DAIRY,44236.0
2015-05-11,DAIRY,39753.0
2015-05-12,DAIRY,33540.0
2015-05-13,DAIRY,34067.0
2015-05-14,DAIRY,28259.0
2015-05-15,DAIRY,34180.0
2015-05-16,DAIRY,52158.0
2015-05-17,DAIRY,60822.0
2015-05-18,DAIRY,38035.0
2015-05-19,DAIRY,33291.0
2015-05-20,DAIRY,35324.0
2015-05-21,DAIRY,29299.0
2015-05-22,DAIRY,33464.0
2015-05-23,DAIRY,47996.0
2015-05-24,DAIRY,57503.0
2015-05-25,DAIRY,37296.0
2015-05-26,DAIRY,32592.0
2015-05-27,DAIRY,34189.0
2015-05-28,DAIRY,28373.0
2015-05-29,DAIRY,35405.0
2015-05-30,DAIRY,54465.0
2015-05-31,DAIRY,68231.0
2015-06-01,DAIRY,44231.0
2015-06-02,DAIRY,40389.0
2015-06-03,DAIRY,40246.0
2015-06-04,DAIRY,34050.0
2015-06-05,DAIRY,36633.0
2015-06-06,DAIRY,50103.0
2015-06-07,DAIRY,62038.0
2015-06-08,DAIRY,39530.0
2015-06-09,DAIRY,34469.0
2015-06-10,DAIRY,35260.0
2015-06-11,DAIRY,29577.0
2015-06-12,DAIRY,34833.0
2015-06-13,DAIRY,49056.0
2015-06-14,DAIRY,59000.0
2015-06-15,DAIRY,39010.0
2015-06-16,DAIRY,38413.0
2015-06-17,DAIRY,38815.0
2015-06-18,DAIRY,32266.0
2015-06-19,DAIRY,38505.0
2015-06-20,DAIRY,56984.0
2015-06-21,DAIRY,48560.0
2015-06-22,DAIRY,40463.0
2015-06-23,DAIRY,37072.0
2015-06-24,DAIRY,36839.0
2015-06-25,DAIRY,30322.0
2015-06-26,DAIRY,34367.0
2015-06-27,DAIRY,48301.0
2015-06-28,DAIRY,59140.0
2015-06-29,DAIRY,37571.0
2015-06-30,DAIRY,37545.0
2015-07-01,DAIRY,48665.0
2015-07-02,DAIRY,37878.0
2015-07-03,DAIRY,42215.0
2015-07-04,DAIRY,54665.0
2015-07-05,DAIRY,54979.0
2015-07-06,DAIRY,42215.0
2015-07-07,DAIRY,35509.0
2015-07-08,DAIRY,40922.0
2015-07-09,DAIRY,34422.0
2015-07-10,DAIRY,35728.0
2015-07-11,DAIRY,44899.0
2015-07-12,DAIRY,53296.0
2015-07-13,DAIRY,37860.0
2015-07-14,DAIRY,33850.0
2015-07-15,DAIRY,37983.0
2015-07-16,DAIRY,33216.0
2015-07-17,DAIRY,36243.0
2015-07-18,DAIRY,46426.0
2015-07-19,DAIRY,52786.0
2015-07-20,DAIRY,39408.0
2015-07-21,DAIRY,33907.0
2015-07-22,DAIRY,35032.0
2015-07-23,DAIRY,30217.0
2015-07-24,DAIRY,35435.0
2015-07-25,DAIRY,44097.0
2015-07-26,DAIRY,50691.0
2015-07-27,DAIRY,37112.0
2015-07-28,DAIRY,32859.0
2015-07-29,DAIRY,34624.0
2015-07-30,DAIRY,30191.0
2015-07-31,DAIRY,37485.0
2015-08-01,DAIRY,54379.0
2015-08-02,DAIRY,57928.0
2015-08-03,DAIRY,43520.0
2015-08-04,DAIRY,38948.0
2015-08-05,DAIRY,39079.0
2015-08-06,DAIRY,31195.0
2015-08-07,DAIRY,35813.0
2015-08-08,DAIRY,43406.0
2015-08-09,DAIRY,38427.0
2015-08-10,DAIRY,45178.0
2015-08-11,DAIRY,37077.0
2015-08-12,DAIRY,37633.0
2015-08-13,DAIRY,31685.0
2015-08-14,DAIRY,37024.0
2015-08-15,DAIRY,48578.0
2015-08-16,DAIRY,50930.0
2015-08-17,DAIRY,38358.0
2015-08-18,DAIRY,33273.0
2015-08-19,DAIRY,35760.0
2015-08-20,DAIRY,30796.0
2015-08-21,DAIRY,35821.0
2015-08-22,DAIRY,44502.0
2015-08-23,DAIRY,50081.0
2015-08-24,DAIRY,39215.0
2015-08-25,DAIRY,34111.0
2015-08-26,DAIRY,35954.0
2015-08-27,DAIRY,30978.0
2015-08-28,DAIRY,35435.0
2015-08-29,DAIRY,49165.0
2015-08-30,DAIRY,55735.0
2015-08-31,DAIRY,43444.0
2015-09-01,DAIRY,45686.0
2015-09-02,DAIRY,45881.0
2015-09-03,DAIRY,36163.0
2015-09-04,DAIRY,37724.0
2015-09-05,DAIRY,55139.0
2015-09-06,DAIRY,62382.0
2015-09-07,DAIRY,41216.0
2015-09-08,DAIRY,34377.0
2015-09-09,DAIRY,36295.0
2015-09-10,DAIRY,30058.0
2015-09-11,DAIRY,33758.0
2015-09-12,DAIRY,49128.0
2015-09-13,DAIRY,55671.0
2015-09-14,DAIRY,37151.0
2015-09-15,DAIRY,34998.0
2015-09-16,DAIRY,38291.0
2015-09-17,DAIRY,30024.0
2015-09-18,DAIRY,34233.0
2015-09-19,DAIRY,49492.0
2015-09-20,DAIRY,57275.0
2015-09-21,DAIRY,38531.0
2015-09-22,DAIRY,33209.0
2015-09-23,DAIRY,36285.0
2015-09-24,DAIRY,29403.0
2015-09-25,DAIRY,34163.0
2015-09-26,DAIRY,47127.0
2015-09-27,DAIRY,56466.0
2015-09-28,DAIRY,36193.0
2015-09-29,DAIRY,32022.0
2015-09-30,DAIRY,36278.0
2015-10-01,DAIRY,41013.0
2015-10-02,DAIRY,43444.0
2015-10-03,DAIRY,59898.0
2015-10-04,DAIRY,65820.0
2015-10-05,DAIRY,42245.0
2015-10-06,DAIRY,35758.0
2015-10-07,DAIRY,38222.0
2015-10-08,DAIRY,31809.0
2015-10-09,DAIRY,46450.0
2015-10-10,DAIRY,47841.0
2015-10-11,DAIRY,55655.0
2015-10-12,DAIRY,39791.0
2015-10-13,DAIRY,32238.0
2015-10-14,DAIRY,38481.0
2015-10-15,DAIRY,32325.0
2015-10-16,DAIRY,38964.0
2015-10-17,DAIRY,54735.0
2015-10-18,DAIRY,63075.0
2015-10-19,DAIRY,40568.0
2015-10-20,DAIRY,36634.0
2015-10-21,DAIRY,38840.0
2015-10-22,DAIRY,30745.0
2015-10-23,DAIRY,35949.0
2015-10-24,DAIRY,49209.0
2015-10-25,DAIRY,59897.0
2015-10-26,DAIRY,37734.0
2015-10-27,DAIRY,31917.0
2015-10-28,DAIRY,34353.0
2015-10-29,DAIRY,27939.0
2015-10-30,DAIRY,34015.0
2015-10-31,DAIRY,49263.0
2015-11-01,DAIRY,44156.0
2015-11-02,DAIRY,41393.0
2015-11-03,DAIRY,56996.0
2015-11-04,DAIRY,46943.0
2015-11-05,DAIRY,35363.0
2015-11-06,DAIRY,36499.0
2015-11-07,DAIRY,51881.0
2015-11-08,DAIRY,62579.0
2015-11-09,DAIRY,38141.0
2015-11-10,DAIRY,34365.0
2015-11-11,DAIRY,37094.0
2015-11-12,DAIRY,28360.0
2015-11-13,DAIRY,35858.0
2015-11-14,DAIRY,50223.0
2015-11-15,DAIRY,62288.0
2015-11-16,DAIRY,41076.0
2015-11-17,DAIRY,33968.0
2015-11-18,DAIRY,39078.0
2015-11-19,DAIRY,31417.0
2015-11-20,DAIRY,37573.0
2015-11-21,DAIRY,49848.0
2015-11-22,DAIRY,60283.0
2015-11-23,DAIRY,39514.0
2015-11-24,DAIRY,34368.0
2015-11-25,DAIRY,38378.0
2015-11-26,DAIRY,30736.0
2015-11-27,DAIRY,34579.0
2015-11-28,DAIRY,47843.0
2015-11-29,DAIRY,61467.0
2015-11-30,DAIRY,41405.0
2015-12-01,DAIRY,43975.0
2015-12-02,DAIRY,45140.0
2015-12-03,DAIRY,35609.0
2015-12-04,DAIRY,37874.0
2015-12-05,DAIRY,51946.0
2015-12-06,DAIRY,64389.0
2015-12-07,DAIRY,43349.0
2015-12-08,DAIRY,36858.0
2015-12-09,DAIRY,40524.0
2015-12-10,DAIRY,35224.0
2015-12-11,DAIRY,37146.0
2015-12-12,DAIRY,49159.0
2015-12-13,DAIRY,58811.0
2015-12-14,DAIRY,40576.0
2015-12-15,DAIRY,39098.0
2015-12-16,DAIRY,43341.0
2015-12-17,DAIRY,38578.0
2015-12-18,DAIRY,42655.0
2015-12-19,DAIRY,53867.0
2015-12-20,DAIRY,59906.0
2015-12-21,DAIRY,50041.0
2015-12-22,DAIRY,51321.0
2015-12-23,DAIRY,59050.0
2015-12-24,DAIRY,55644.0
2015-12-26,DAIRY,47081.0
2015-12-27,DAIRY,43690.0
2015-12-28,DAIRY,40188.0
2015-12-29,DAIRY,44035.0
2015-12-30,DAIRY,54895.0
2015-12-31,DAIRY,50612.0
2016-01-01,DAIRY,1033.0
2016-01-02,DAIRY,55039.0
2016-01-03,DAIRY,68371.0
2016-01-04,DAIRY,52242.0
2016-01-05,DAIRY,45174.0
2016-01-06,DAIRY,44103.0
2016-01-07,DAIRY,35817.0
2016-01-08,DAIRY,39047.0
2016-01-09,DAIRY,54729.0
2016-01-10,DAIRY,62798.0
2016-01-11,DAIRY,39731.0
2016-01-12,DAIRY,36086.0
2016-01-13,DAIRY,37263.0
2016-01-14,DAIRY,32814.0
2016-01-15,DAIRY,38229.0
2016-01-16,DAIRY,55373.0
2016-01-17,DAIRY,62574.0
2016-01-18,DAIRY,41062.0
2016-01-19,DAIRY,35093.0
2016-01-20,DAIRY,42167.0
2016-01-21,DAIRY,31816.0
2016-01-22,DAIRY,37956.0
2016-01-23,DAIRY,53118.0
2016-01-24,DAIRY,58360.0
2016-01-25,DAIRY,38122.0
2016-01-26,DAIRY,34650.0
2016-01-27,DAIRY,37369.0
2016-01-28,DAIRY,30730.0
2016-01-29,DAIRY,37184.0
2016-01-30,DAIRY,54447.0
2016-01-31,DAIRY,62378.0
2016-02-01,DAIRY,46755.0
2016-02-02,DAIRY,39758.0
2016-02-03,DAIRY,41328.0
2016-02-04,DAIRY,34566.0
2016-02-05,DAIRY,40987.0
2016-02-06,DAIRY,50177.0
2016-02-07,DAIRY,37008.0
2016-02-08,DAIRY,34709.0
2016-02-09,DAIRY,41755.0
2016-02-10,DAIRY,44005.0
2016-02-11,DAIRY,36659.0
2016-02-12,DAIRY,39685.0
2016-02-13,DAIRY,50369.0
2016-02-14,DAIRY,55662.0
2016-02-15,DAIRY,41876.0
2016-02-16,DAIRY,40448.0
2016-02-17,DAIRY,41807.0
2016-02-18,DAIRY,32708.0
2016-02-19,DAIRY,38815.0
2016-02-20,DAIRY,52132.0
2016-02-21,DAIRY,60376.0
2016-02-22,DAIRY,41517.0
2016-02-23,DAIRY,36933.0
2016-02-24,DAIRY,40103.0
2016-02-25,DAIRY,32755.0
2016-02-26,DAIRY,38299.0
2016-02-27,DAIRY,54938.0
2016-02-28,DAIRY,62079.0
2016-02-29,DAIRY,42771.0
2016-03-01,DAIRY,50067.0
2016-03-02,DAIRY,49731.0
2016-03-03,DAIRY,38585.0
2016-03-04,DAIRY,44098.0
2016-03-05,DAIRY,61647.0
2016-03-06,DAIRY,67308.0
2016-03-07,DAIRY,44468.0
2016-03-08,DAIRY,37520.0
2016-03-09,DAIRY,42972.0
2016-03-10,DAIRY,34751.0
2016-03-11,DAIRY,40821.0
2016-03-12,DAIRY,56057.0
2016-03-13,DAIRY,61082.0
2016-03-14,DAIRY,41376.0
2016-03-15,DAIRY,39464.0
2016-03-16,DAIRY,45079.0
2016-03-17,DAIRY,35153.0
2016-03-18,DAIRY,40912.0
2016-03-19,DAIRY,54779.0
2016-03-20,DAIRY,58803.0
2016-03-21,DAIRY,41429.0
2016-03-22,DAIRY,37334.0
2016-03-23,DAIRY,46142.0
2016-03-24,DAIRY,43056.0
2016-03-25,DAIRY,41614.0
2016-03-26,DAIRY,48960.0
2016-03-27,DAIRY,52787.0
2016-03-28,DAIRY,41420.0
2016-03-29,DAIRY,36899.0
2016-03-30,DAIRY,40582.0
2016-03-31,DAIRY,36964.0
2016-04-01,DAIRY,49964.0
2016-04-02,DAIRY,67068.0
2016-04-03,DAIRY,76947.0
2016-04-04,DAIRY,46247.0
2016-04-05,DAIRY,41083.0
2016-04-06,DAIRY,43471.0
2016-04-07,DAIRY,35450.0
2016-04-08,DAIRY,41287.0
2016-04-09,DAIRY,56917.0
2016-04-10,DAIRY,64165.0
2016-04-11,DAIRY,41106.0
2016-04-12,DAIRY,38840.0
2016-04-13,DAIRY,41333.0
2016-04-14,DAIRY,33992.0
2016-04-15,DAIRY,40764.0
2016-04-16,DAIRY,52697.0
2016-04-17,DAIRY,66718.0
2016-04-18,DAIRY,48515.0
2016-04-19,DAIRY,41421.0
2016-04-20,DAIRY,46264.0
2016-04-21,DAIRY,37275.0
2016-04-22,DAIRY,40268.0
2016-04-23,DAIRY,57603.0
2016-04-24,DAIRY,63656.0
2016-04-25,DAIRY,40117.0
2016-04-26,DAIRY,37150.0
2016-04-27,DAIRY,40788.0
2016-04-28,DAIRY,31940.0
2016-04-29,DAIRY,41050.0
2016-04-30,DAIRY,63050.0
2016-05-01,DAIRY,77735.0
2016-05-02,DAIRY,50058.0
2016-05-03,DAIRY,45865.0
2016-05-04,DAIRY,48060.0
2016-05-05,DAIRY,38113.0
2016-05-06,DAIRY,45139.0
2016-05-07,DAIRY,69505.0
2016-05-08,DAIRY,53680.0
2016-05-09,DAIRY,47763.0
2016-05-10,DAIRY,40132.0
2016-05-11,DAIRY,44891.0
2016-05-12,DAIRY,35921.0
2016-05-13,DAIRY,40552.0
2016-05-14,DAIRY,58721.0
2016-05-15,DAIRY,70798.0
2016-05-16,DAIRY,46788.0
2016-05-17,DAIRY,39303.0
2016-05-18,DAIRY,42637.0
2016-05-19,DAIRY,35954.0
2016-05-20,DAIRY,42472.0
2016-05-21,DAIRY,57851.0
2016-05-22,DAIRY,68346.0
2016-05-23,DAIRY,44819.0
2016-05-24,DAIRY,36971.0
2016-05-25,DAIRY,40219.0
2016-05-26,DAIRY,34612.0
2016-05-27,DAIRY,52134.0
2016-05-28,DAIRY,50349.0
2016-05-29,DAIRY,63090.0
2016-05-30,DAIRY,45627.0
2016-05-31,DAIRY,52780.0
2016-06-01,DAIRY,48428.0
2016-06-02,DAIRY,39477.0
2016-06-03,DAIRY,42770.0
2016-06-04,DAIRY,61451.0
2016-06-05,DAIRY,72710.0
2016-06-06,DAIRY,45084.0
2016-06-07,DAIRY,39835.0
2016-06-08,DAIRY,43402.0
2016-06-09,DAIRY,33662.0
2016-06-10,DAIRY,38489.0
2016-06-11,DAIRY,52452.0
2016-06-12,DAIRY,62357.0
2016-06-13,DAIRY,42429.0
2016-06-14,DAIRY,38175.0
2016-06-15,DAIRY,45133.0
2016-06-16,DAIRY,38267.0
2016-06-17,DAIRY,43691.0
2016-06-18,DAIRY,63471.0
2016-06-19,DAIRY,55017.0
2016-06-20,DAIRY,45394.0
2016-06-21,DAIRY,39276.0
2016-06-22,DAIRY,41517.0
2016-06-23,DAIRY,34323.0
2016-06-24,DAIRY,38279.0
2016-06-25,DAIRY,53422.0
2016-06-26,DAIRY,62062.0
2016-06-27,DAIRY,41456.0
2016-06-28,DAIRY,36800.0
2016-06-29,DAIRY,41245.0
2016-06-30,DAIRY,33557.0
2016-07-01,DAIRY,49232.0
2016-07-02,DAIRY,63188.0
2016-07-03,DAIRY,69328.0
2016-07-04,DAIRY,48544.0
2016-07-05,DAIRY,42525.0
2016-07-06,DAIRY,46662.0
2016-07-07,DAIRY,36549.0
2016-07-08,DAIRY,41632.0
2016-07-09,DAIRY,52964.0
2016-07-10,DAIRY,59541.0
2016-07-11,DAIRY,43454.0
2016-07-12,DAIRY,37914.0
2016-07-13,DAIRY,40719.0
2016-07-14,DAIRY,32335.0
2016-07-15,DAIRY,39443.0
2016-07-16,DAIRY,53302.0
2016-07-17,DAIRY,58690.0
2016-07-18,DAIRY,43023.0
2016-07-19,DAIRY,38160.0
2016-07-20,DAIRY,42147.0
2016-07-21,DAIRY,33539.0
2016-07-22,DAIRY,38318.0
2016-07-23,DAIRY,48930.0
2016-07-24,DAIRY,51616.0
2016-07-25,DAIRY,42685.0
2016-07-26,DAIRY,36511.0
2016-07-27,DAIRY,39863.0
2016-07-28,DAIRY,31273.0
2016-07-29,DAIRY,38294.0
2016-07-30,DAIRY,52209.0
2016-07-31,DAIRY,60098.0
2016-08-01,DAIRY,51339.0
2016-08-02,DAIRY,43468.0
2016-08-03,DAIRY,45961.0
2016-08-04,DAIRY,36287.0
2016-08-05,DAIRY,38542.0
2016-08-06,DAIRY,49588.0
2016-08-07,DAIRY,55814.0
2016-08-08,DAIRY,42644.0
2016-08-09,DAIRY,36364.0
2016-08-10,DAIRY,39446.0
2016-08-11,DAIRY,33675.0
2016-08-12,DAIRY,43484.0
2016-08-13,DAIRY,41989.0
2016-08-14,DAIRY,46503.0
2016-08-15,DAIRY,43969.0
2016-08-16,DAIRY,41430.0
2016-08-17,DAIRY,44019.0
2016-08-18,DAIRY,34437.0
2016-08-19,DAIRY,39483.0
2016-08-20,DAIRY,48441.0
2016-08-21,DAIRY,55888.0
2016-08-22,DAIRY,44117.0
2016-08-23,DAIRY,39292.0
2016-08-24,DAIRY,41623.0
2016-08-25,DAIRY,32382.0
2016-08-26,DAIRY,37620.0
2016-08-27,DAIRY,46999.0
2016-08-28,DAIRY,53701.0
2016-08-29,DAIRY,41208.0
2016-08-30,DAIRY,36428.0
2016-08-31,DAIRY,44548.0
2016-09-01,DAIRY,40565.0
2016-09-02,DAIRY,47524.0
2016-09-03,DAIRY,61824.0
2016-09-04,DAIRY,68087.0
2016-09-05,DAIRY,49460.0
2016-09-06,DAIRY,43924.0
2016-09-07,DAIRY,44914.0
2016-09-08,DAIRY,36748.0
2016-09-09,DAIRY,38881.0
2016-09-10,DAIRY,56211.0
2016-09-11,DAIRY,66891.0
2016-09-12,DAIRY,43470.0
2016-09-13,DAIRY,37187.0
2016-09-14,DAIRY,38830.0
2016-09-15,DAIRY,34441.0
2016-09-16,DAIRY,40683.0
2016-09-17,DAIRY,55000.0
2016-09-18,DAIRY,65396.0
2016-09-19,DAIRY,42468.0
2016-09-20,DAIRY,38508.0
2016-09-21,DAIRY,40605.0
2016-09-22,DAIRY,31828.0
2016-09-23,DAIRY,38268.0
2016-09-24,DAIRY,51804.0
2016-09-25,DAIRY,61132.0
2016-09-26,DAIRY,41296.0
2016-09-27,DAIRY,34955.0
2016-09-28,DAIRY,38731.0
2016-09-29,DAIRY,30674.0
2016-09-30,DAIRY,40679.0
2016-10-01,DAIRY,67460.0
2016-10-02,DAIRY,75326.0
2016-10-03,DAIRY,48915.0
2016-10-04,DAIRY,41228.0
2016-10-05,DAIRY,44510.0
2016-10-06,DAIRY,33802.0
2016-10-07,DAIRY,40421.0
2016-10-08,DAIRY,55857.0
2016-10-09,DAIRY,69457.0
2016-10-10,DAIRY,44204.0
2016-10-11,DAIRY,36930.0
2016-10-12,DAIRY,41167.0
2016-10-13,DAIRY,32616.0
2016-10-14,DAIRY,39020.0
2016-10-15,DAIRY,53579.0
2016-10-16,DAIRY,69044.0
2016-10-17,DAIRY,43091.0
2016-10-18,DAIRY,36537.0
2016-10-19,DAIRY,40031.0
2016-10-20,DAIRY,33661.0
2016-10-21,DAIRY,38200.0
2016-10-22,DAIRY,50282.0
2016-10-23,DAIRY,64397.0
2016-10-24,DAIRY,40221.0
2016-10-25,DAIRY,36335.0
2016-10-26,DAIRY,40733.0
2016-10-27,DAIRY,33185.0
2016-10-28,DAIRY,36898.0
2016-10-29,DAIRY,50214.0
2016-10-30,DAIRY,58739.0
2016-10-31,DAIRY,38137.0
2016-11-01,DAIRY,43666.0
2016-11-02,DAIRY,55814.0
2016-11-03,DAIRY,44297.0
2016-11-04,DAIRY,48476.0
2016-11-05,DAIRY,51834.0
2016-11-06,DAIRY,72286.0
2016-11-07,DAIRY,52457.0
2016-11-08,DAIRY,47046.0
2016-11-09,DAIRY,50491.0
2016-11-10,DAIRY,35965.0
2016-11-11,DAIRY,41956.0
2016-11-12,DAIRY,56947.0
2016-11-13,DAIRY,78680.0
2016-11-14,DAIRY,46978.0
2016-11-15,DAIRY,43442.0
2016-11-16,DAIRY,53786.0
2016-11-17,DAIRY,35447.0
2016-11-18,DAIRY,40055.0
2016-11-19,DAIRY,54828.0
2016-11-20,DAIRY,69156.0
2016-11-21,DAIRY,46375.0
2016-11-22,DAIRY,38520.0
2016-11-23,DAIRY,45850.0
2016-11-24,DAIRY,33846.0
2016-11-25,DAIRY,39494.0
2016-11-26,DAIRY,51635.0
2016-11-27,DAIRY,65263.0
2016-11-28,DAIRY,44676.0
2016-11-29,DAIRY,37191.0
2016-11-30,DAIRY,46114.0
2016-12-01,DAIRY,45919.0
2016-12-02,DAIRY,45416.0
2016-12-03,DAIRY,61128.0
2016-12-04,DAIRY,75905.0
2016-12-05,DAIRY,46544.0
2016-12-06,DAIRY,52010.0
2016-12-07,DAIRY,50407.0
2016-12-08,DAIRY,38861.0
2016-12-09,DAIRY,43064.0
2016-12-10,DAIRY,52266.0
2016-12-11,DAIRY,68396.0
2016-12-12,DAIRY,45132.0
2016-12-13,DAIRY,40219.0
2016-12-14,DAIRY,46109.0
2016-12-15,DAIRY,41717.0
2016-12-16,DAIRY,44680.0
2016-12-17,DAIRY,58006.0
2016-12-18,DAIRY,70593.0
2016-12-19,DAIRY,54039.0
2016-12-20,DAIRY,52904.0
2016-12-21,DAIRY,59696.0
2016-12-22,DAIRY,55536.0
2016-12-23,DAIRY,68127.0
2016-12-24,DAIRY,69685.0
2016-12-26,DAIRY,55384.0
2016-12-27,DAIRY,45708.0
2016-12-28,DAIRY,52203.0
2016-12-29,DAIRY,49299.0
2016-12-30,DAIRY,64746.0
2016-12-31,DAIRY,62988.0
2017-01-01,DAIRY,622.0
2017-01-02,DAIRY,83430.0
2017-01-03,DAIRY,65027.0
2017-01-04,DAIRY,59821.0
2017-01-05,DAIRY,44781.0
2017-01-06,DAIRY,46674.0
2017-01-07,DAIRY,63367.0
2017-01-08,DAIRY,71459.0
2017-01-09,DAIRY,47719.0
2017-01-10,DAIRY,42700.0
2017-01-11,DAIRY,46650.0
2017-01-12,DAIRY,36900.0
2017-01-13,DAIRY,44216.0
2017-01-14,DAIRY,60560.0
2017-01-15,DAIRY,71954.0
2017-01-16,DAIRY,50039.0
2017-01-17,DAIRY,43165.0
2017-01-18,DAIRY,49343.0
2017-01-19,DAIRY,35758.0
2017-01-20,DAIRY,41024.0
2017-01-21,DAIRY,62044.0
2017-01-22,DAIRY,71287.0
2017-01-23,DAIRY,48592.0
2017-01-24,DAIRY,41636.0
2017-01-25,DAIRY,46201.0
2017-01-26,DAIRY,35103.0
2017-01-27,DAIRY,43391.0
2017-01-28,DAIRY,59152.0
2017-01-29,DAIRY,69121.0
2017-01-30,DAIRY,43695.0
2017-01-31,DAIRY,46821.0
2017-02-01,DAIRY,58356.0
2017-02-02,DAIRY,43853.0
2017-02-03,DAIRY,47754.0
2017-02-04,DAIRY,65932.0
2017-02-05,DAIRY,69744.0
2017-02-06,DAIRY,47513.0
2017-02-07,DAIRY,43107.0
2017-02-08,DAIRY,47306.0
2017-02-09,DAIRY,37009.0
2017-02-10,DAIRY,45108.0
2017-02-11,DAIRY,57847.0
2017-02-12,DAIRY,69706.0
2017-02-13,DAIRY,51363.0
2017-02-14,DAIRY,38233.0
2017-02-15,DAIRY,47777.0
2017-02-16,DAIRY,37253.0
2017-02-17,DAIRY,45044.0
2017-02-18,DAIRY,64789.0
2017-02-19,DAIRY,55014.0
2017-02-20,DAIRY,45313.0
2017-02-21,DAIRY,41288.0
2017-02-22,DAIRY,44274.0
2017-02-23,DAIRY,38200.0
2017-02-24,DAIRY,44540.0
2017-02-25,DAIRY,57275.0
2017-02-26,DAIRY,42872.0
2017-02-27,DAIRY,42681.0
2017-02-28,DAIRY,55563.0
2017-03-01,DAIRY,60699.0
2017-03-02,DAIRY,47224.0
2017-03-03,DAIRY,49322.0
2017-03-04,DAIRY,65548.0
2017-03-05,DAIRY,72575.0
2017-03-06,DAIRY,46523.0
2017-03-07,DAIRY,43542.0
2017-03-08,DAIRY,46142.0
2017-03-09,DAIRY,39467.0
2017-03-10,DAIRY,46095.0
2017-03-11,DAIRY,60887.0
2017-03-12,DAIRY,72985.0
2017-03-13,DAIRY,46421.0
2017-03-14,DAIRY,41864.0
2017-03-15,DAIRY,51108.0
2017-03-16,DAIRY,42706.0
2017-03-17,DAIRY,50520.0
2017-03-18,DAIRY,64942.0
2017-03-19,DAIRY,74659.0
2017-03-20,DAIRY,52501.0
2017-03-21,DAIRY,45994.0
2017-03-22,DAIRY,49386.0
2017-03-23,DAIRY,39151.0
2017-03-24,DAIRY,46708.0
2017-03-25,DAIRY,64380.0
2017-03-26,DAIRY,69897.0
2017-03-27,DAIRY,49233.0
2017-03-28,DAIRY,42197.0
2017-03-29,DAIRY,52331.0
2017-03-30,DAIRY,39814.0
2017-03-31,DAIRY,53627.0
2017-04-01,DAIRY,85897.0
2017-04-02,DAIRY,68825.0
2017-04-03,DAIRY,49218.0
2017-04-04,DAIRY,46652.0
2017-04-05,DAIRY,51390.0
2017-04-06,DAIRY,40003.0
2017-04-07,DAIRY,44296.0
2017-04-08,DAIRY,59025.0
2017-04-09,DAIRY,67107.0
2017-04-10,DAIRY,44856.0
2017-04-11,DAIRY,43331.0
2017-04-12,DAIRY,48341.0
2017-04-13,DAIRY,48116.0
2017-04-14,DAIRY,46799.0
2017-04-15,DAIRY,52779.0
2017-04-16,DAIRY,61409.0
2017-04-17,DAIRY,47012.0
2017-04-18,DAIRY,41427.0
2017-04-19,DAIRY,45759.0
2017-04-20,DAIRY,40226.0
2017-04-21,DAIRY,47902.0
2017-04-22,DAIRY,58915.0
2017-04-23,DAIRY,72861.0
2017-04-24,DAIRY,46831.0
2017-04-25,DAIRY,43417.0
2017-04-26,DAIRY,48758.0
2017-04-27,DAIRY,38035.0
2017-04-28,DAIRY,46139.0
2017-04-29,DAIRY,63547.0
2017-04-30,DAIRY,62872.0
2017-05-01,DAIRY,80542.0
2017-05-02,DAIRY,55238.0
2017-05-03,DAIRY,56379.0
2017-05-04,DAIRY,42404.0
2017-05-05,DAIRY,45536.0
2017-05-06,DAIRY,62878.0
2017-05-07,DAIRY,78774.0
2017-05-08,DAIRY,48298.0
2017-05-09,DAIRY,43865.0
2017-05-10,DAIRY,49102.0
2017-05-11,DAIRY,37720.0
2017-05-12,DAIRY,45021.0
2017-05-13,DAIRY,70237.0
2017-05-14,DAIRY,55583.0
2017-05-15,DAIRY,49927.0
2017-05-16,DAIRY,47277.0
2017-05-17,DAIRY,50153.0
2017-05-18,DAIRY,36204.0
2017-05-19,DAIRY,43071.0
2017-05-20,DAIRY,60647.0
2017-05-21,DAIRY,74951.0
2017-05-22,DAIRY,46578.0
2017-05-23,DAIRY,41251.0
2017-05-24,DAIRY,45450.0
2017-05-25,DAIRY,34821.0
2017-05-26,DAIRY,55567.0
2017-05-27,DAIRY,54198.0
2017-05-28,DAIRY,66492.0
2017-05-29,DAIRY,47147.0
2017-05-30,DAIRY,42077.0
2017-05-31,DAIRY,50401.0
2017-06-01,DAIRY,42526.0
2017-06-02,DAIRY,49807.0
2017-06-03,DAIRY,66614.0
2017-06-04,DAIRY,83951.0
2017-06-05,DAIRY,52097.0
2017-06-06,DAIRY,44539.0
2017-06-07,DAIRY,49652.0
2017-06-08,DAIRY,37300.0
2017-06-09,DAIRY,44596.0
2017-06-10,DAIRY,58589.0
2017-06-11,DAIRY,74932.0
2017-06-12,DAIRY,45495.0
2017-06-13,DAIRY,41906.0
2017-06-14,DAIRY,47993.0
2017-06-15,DAIRY,38731.0
2017-06-16,DAIRY,48006.0
2017-06-17,DAIRY,67310.0
2017-06-18,DAIRY,59757.0
2017-06-19,DAIRY,47643.0
2017-06-20,DAIRY,43960.0
2017-06-21,DAIRY,47144.0
2017-06-22,DAIRY,36800.0
2017-06-23,DAIRY,44055.0
2017-06-24,DAIRY,57117.0
2017-06-25,DAIRY,68519.0
2017-06-26,DAIRY,46892.0
2017-06-27,DAIRY,39469.0
2017-06-28,DAIRY,45452.0
2017-06-29,DAIRY,35788.0
2017-06-30,DAIRY,44056.0
2017-07-01,DAIRY,66762.0
2017-07-02,DAIRY,75596.0
2017-07-03,DAIRY,52864.0
2017-07-04,DAIRY,45847.0
2017-07-05,DAIRY,49764.0
2017-07-06,DAIRY,38965.0
2017-07-07,DAIRY,44171.0
2017-07-08,DAIRY,57405.0
2017-07-09,DAIRY,66045.0
2017-07-10,DAIRY,46350.0
2017-07-11,DAIRY,40586.0
2017-07-12,DAIRY,45493.0
2017-07-13,DAIRY,34485.0
2017-07-14,DAIRY,40997.0
2017-07-15,DAIRY,53472.0
2017-07-16,DAIRY,63760.0
2017-07-17,DAIRY,45904.0
2017-07-18,DAIRY,40025.0
2017-07-19,DAIRY,44636.0
2017-07-20,DAIRY,37492.0
2017-07-21,DAIRY,41364.0
2017-07-22,DAIRY,51050.0
2017-07-23,DAIRY,57689.0
2017-07-24,DAIRY,47914.0
2017-07-25,DAIRY,39929.0
2017-07-26,DAIRY,42966.0
2017-07-27,DAIRY,33693.0
2017-07-28,DAIRY,41282.0
2017-07-29,DAIRY,53084.0
2017-07-30,DAIRY,59432.0
2017-07-31,DAIRY,46493.0
2017-08-01,DAIRY,48765.0
2017-08-02,DAIRY,50997.0
2017-08-03,DAIRY,38537.0
2017-08-04,DAIRY,42872.0
2017-08-05,DAIRY,52289.0
2017-08-06,DAIRY,60062.0
2017-08-07,DAIRY,44167.0
2017-08-08,DAIRY,38198.0
2017-08-09,DAIRY,42374.0
2017-08-10,DAIRY,34648.0
2017-08-11,DAIRY,44909.0
2017-08-12,DAIRY,42854.0
2017-08-13,DAIRY,50112.0
2017-08-14,DAIRY,43050.0
2017-08-15,DAIRY,40707.0
2015-01-01,EGGS,264.0
2015-01-02,EGGS,13277.0
2015-01-03,EGGS,12136.0
2015-01-04,EGGS,15952.0
2015-01-05,EGGS,12290.0
2015-01-06,EGGS,10143.0
2015-01-07,EGGS,9684.0
2015-01-08,EGGS,9556.0
2015-01-09,EGGS,8727.0
2015-01-10,EGGS,10767.0
2015-01-11,EGGS,14694.0
2015-01-12,EGGS,9416.0
2015-01-13,EGGS,8319.0
2015-01-14,EGGS,8300.0
2015-01-15,EGGS,9020.0
2015-01-16,EGGS,8470.0
2015-01-17,EGGS,11910.0
2015-01-18,EGGS,14959.0
2015-01-19,EGGS,9572.0
2015-01-20,EGGS,8443.0
2015-01-21,EGGS,8272.0
2015-01-22,EGGS,9296.0
2015-01-23,EGGS,8536.0
2015-01-24,EGGS,11584.0
2015-01-25,EGGS,13577.0
2015-01-26,EGGS,9580.0
2015-01-27,EGGS,8147.0
2015-01-28,EGGS,8049.0
2015-01-29,EGGS,8755.0
2015-01-30,EGGS,9019.0
2015-01-31,EGGS,12429.0
2015-02-01,EGGS,16497.0
2015-02-02,EGGS,11678.0
2015-02-03,EGGS,9671.0
2015-02-04,EGGS,8569.0
2015-02-05,EGGS,8747.0
2015-02-06,EGGS,8482.0
2015-02-07,EGGS,11122.0
2015-02-08,EGGS,13091.0
2015-02-09,EGGS,9927.0
2015-02-10,EGGS,8985.0
2015-02-11,EGGS,8477.0
2015-02-12,EGGS,9184.0
2015-02-13,EGGS,9584.0
2015-02-14,EGGS,10449.0
2015-02-15,EGGS,9034.0
2015-02-16,EGGS,8483.0
2015-02-17,EGGS,10759.0
2015-02-18,EGGS,11614.0
2015-02-19,EGGS,10201.0
2015-02-20,EGGS,9627.0
2015-02-21,EGGS,10519.0
2015-02-22,EGGS,14246.0
2015-02-23,EGGS,9101.0
2015-02-24,EGGS,8806.0
2015-02-25,EGGS,8082.0
2015-02-26,EGGS,8135.0
2015-02-27,EGGS,8256.0
2015-02-28,EGGS,11938.0
2015-03-01,EGGS,16178.0
2015-03-02,EGGS,11853.0
2015-03-03,EGGS,9515.0
2015-03-04,EGGS,9187.0
2015-03-05,EGGS,9267.0
2015-03-06,EGGS,8946.0
2015-03-07,EGGS,11388.0
2015-03-08,EGGS,13289.0
2015-03-09,EGGS,10010.0
2015-03-10,EGGS,9240.0
2015-03-11,EGGS,8365.0
2015-03-12,EGGS,8011.0
2015-03-13,EGGS,8615.0
2015-03-14,EGGS,11434.0
2015-03-15,EGGS,13780.0
2015-03-16,EGGS,9886.0
2015-03-17,EGGS,8993.0
2015-03-18,EGGS,8539.0
2015-03-19,EGGS,9033.0
2015-03-20,EGGS,10110.0
2015-03-21,EGGS,11921.0
2015-03-22,EGGS,13924.0
2015-03-23,EGGS,9479.0
2015-03-24,EGGS,8959.0
2015-03-25,EGGS,8436.0
2015-03-26,EGGS,8653.0
2015-03-27,EGGS,9080.0
2015-03-28,EGGS,11684.0
2015-03-29,EGGS,13825.0
2015-03-30,EGGS,9418.0
2015-03-31,EGGS,9322.0
2015-04-01,EGGS,11855.0
2015-04-02,EGGS,12016.0
2015-04-03,EGGS,10530.0
2015-04-04,EGGS,10992.0
2015-04-05,EGGS,12272.0
2015-04-06,EGGS,9546.0
2015-04-07,EGGS,9065.0
2015-04-08,EGGS,8548.0
2015-04-09,EGGS,8336.0
2015-04-10,EGGS,7326.0
2015-04-11,EGGS,10365.0
2015-04-12,EGGS,13277.0
2015-04-13,EGGS,9151.0
2015-04-14,EGGS,7688.0
2015-04-15,EGGS,8372.0
2015-04-16,EGGS,9891.0
2015-04-17,EGGS,8571.0
2015-04-18,EGGS,11291.0
2015-04-19,EGGS,14067.0
2015-04-20,EGGS,9734.0
2015-04-21,EGGS,8561.0
2015-04-22,EGGS,8019.0
2015-04-23,EGGS,8419.0
2015-04-24,EGGS,8111.0
2015-04-25,EGGS,10573.0
2015-04-26,EGGS,12607.0
2015-04-27,EGGS,8705.0
2015-04-28,EGGS,7405.0
2015-04-29,EGGS,7817.0
2015-04-30,EGGS,9254.0
2015-05-01,EGGS,11736.0
2015-05-02,EGGS,12620.0
2015-05-03,EGGS,13759.0
2015-05-04,EGGS,10564.0
2015-05-05,EGGS,9662.0
2015-05-06,EGGS,9325.0
2015-05-07,EGGS,9002.0
2015-05-08,EGGS,8338.0
2015-05-09,EGGS,12104.0
2015-05-10,EGGS,9388.0
2015-05-11,EGGS,10190.0
2015-05-12,EGGS,8564.0
2015-05-13,EGGS,8670.0
2015-05-14,EGGS,8259.0
2015-05-15,EGGS,8394.0
2015-05-16,EGGS,11595.0
2015-05-17,EGGS,14701.0
2015-05-18,EGGS,9524.0
2015-05-19,EGGS,8225.0
2015-05-20,EGGS,8522.0
2015-05-21,EGGS,8295.0
2015-05-22,EGGS,7938.0
2015-05-23,EGGS,11701.0
2015-05-24,EGGS,14072.0
2015-05-25,EGGS,9111.0
2015-05-26,EGGS,7739.0
2015-05-27,EGGS,8077.0
2015-05-28,EGGS,7941.0
2015-05-29,EGGS,8239.0
2015-05-30,EGGS,12317.0
2015-05-31,EGGS,15688.0
2015-06-01,EGGS,11055.0
2015-06-02,EGGS,9625.0
2015-06-03,EGGS,9593.0
2015-06-04,EGGS,9247.0
2015-06-05,EGGS,8283.0
2015-06-06,EGGS,10922.0
2015-06-07,EGGS,14296.0
2015-06-08,EGGS,9690.0
2015-06-09,EGGS,8508.0
2015-06-10,EGGS,8411.0
2015-06-11,EGGS,7271.0
2015-06-12,EGGS,8402.0
2015-06-13,EGGS,10878.0
2015-06-14,EGGS,13118.0
2015-06-15,EGGS,10919.0
2015-06-16,EGGS,9241.0
2015-06-17,EGGS,9143.0
2015-06-18,EGGS,7168.0
2015-06-19,EGGS,8407.0
2015-06-20,EGGS,12605.0
2015-06-21,EGGS,11094.0
2015-06-22,EGGS,11398.0
2015-06-23,EGGS,9179.0
2015-06-24,EGGS,8989.0
2015-06-25,EGGS,6575.0
2015-06-26,EGGS,7878.0
2015-06-27,EGGS,10960.0
2015-06-28,EGGS,13391.0
2015-06-29,EGGS,9556.0
2015-06-30,EGGS,8610.0
2015-07-01,EGGS,10381.0
2015-07-02,EGGS,9015.0
2015-07-03,EGGS,9299.0
2015-07-04,EGGS,11821.0
2015-07-05,EGGS,12810.0
2015-07-06,EGGS,10526.0
2015-07-07,EGGS,8705.0
2015-07-08,EGGS,9577.0
2015-07-09,EGGS,8341.0
2015-07-10,EGGS,8375.0
2015-07-11,EGGS,10278.0
2015-07-12,EGGS,13205.0
2015-07-13,EGGS,9799.0
2015-07-14,EGGS,8440.0
2015-07-15,EGGS,8748.0
2015-07-16,EGGS,7923.0
2015-07-17,EGGS,8596.0
2015-07-18,EGGS,10904.0
2015-07-19,EGGS,12710.0
2015-07-20,EGGS,11051.0
2015-07-21,EGGS,8050.0
2015-07-22,EGGS,8368.0
2015-07-23,EGGS,7338.0
2015-07-24,EGGS,8950.0
2015-07-25,EGGS,10192.0
2015-07-26,EGGS,12724.0
2015-07-27,EGGS,10703.0
2015-07-28,EGGS,8157.0
2015-07-29,EGGS,7821.0
2015-07-30,EGGS,7240.0
2015-07-31,EGGS,9022.0
2015-08-01,EGGS,13085.0
2015-08-02,EGGS,14227.0
2015-08-03,EGGS,12269.0
2015-08-04,EGGS,9045.0
2015-08-05,EGGS,9043.0
2015-08-06,EGGS,7320.0
2015-08-07,EGGS,7861.0
2015-08-08,EGGS,9327.0
2015-08-09,EGGS,8891.0
2015-08-10,EGGS,12153.0
2015-08-11,EGGS,9555.0
2015-08-12,EGGS,8973.0
2015-08-13,EGGS,7817.0
2015-08-14,EGGS,9666.0
2015-08-15,EGGS,11232.0
2015-08-16,EGGS,11977.0
2015-08-17,EGGS,10713.0
2015-08-18,EGGS,8123.0
2015-08-19,EGGS,8001.0
2015-08-20,EGGS,6855.0
2015-08-21,EGGS,7637.0
2015-08-22,EGGS,10142.0
2015-08-23,EGGS,12286.0
2015-08-24,EGGS,10616.0
2015-08-25,EGGS,8255.0
2015-08-26,EGGS,7909.0
2015-08-27,EGGS,7240.0
2015-08-28,EGGS,7602.0
2015-08-29,EGGS,10909.0
2015-08-30,EGGS,13034.0
2015-08-31,EGGS,11324.0
2015-09-01,EGGS,11092.0
2015-09-02,EGGS,9977.0
2015-09-03,EGGS,7928.0
2015-09-04,EGGS,8389.0
2015-09-05,EGGS,11547.0
2015-09-06,EGGS,13617.0
2015-09-07,EGGS,10617.0
2015-09-08,EGGS,7888.0
2015-09-09,EGGS,8850.0
2015-09-10,EGGS,7063.0
2015-09-11,EGGS,7894.0
2015-09-12,EGGS,10667.0
2015-09-13,EGGS,12799.0
2015-09-14,EGGS,10281.0
2015-09-15,EGGS,8785.0
2015-09-16,EGGS,8733.0
2015-09-17,EGGS,6905.0
2015-09-18,EGGS,7702.0
2015-09-19,EGGS,11097.0
2015-09-20,EGGS,12979.0
2015-09-21,EGGS,10128.0
2015-09-22,EGGS,8413.0
2015-09-23,EGGS,7786.0
2015-09-24,EGGS,6861.0
2015-09-25,EGGS,8106.0
2015-09-26,EGGS,10741.0
2015-09-27,EGGS,13224.0
2015-09-28,EGGS,9858.0
2015-09-29,EGGS,7441.0
2015-09-30,EGGS,7956.0
2015-10-01,EGGS,9226.0
2015-10-02,EGGS,10128.0
2015-10-03,EGGS,12302.0
2015-10-04,EGGS,13863.0
2015-10-05,EGGS,10689.0
2015-10-06,EGGS,7823.0
2015-10-07,EGGS,7959.0
2015-10-08,EGGS,7219.0
2015-10-09,EGGS,10134.0
2015-10-10,EGGS,9992.0
2015-10-11,EGGS,11271.0
2015-10-12,EGGS,10694.0
2015-10-13,EGGS,6923.0
2015-10-14,EGGS,7753.0
2015-10-15,EGGS,7536.0
2015-10-16,EGGS,8409.0
2015-10-17,EGGS,10769.0
2015-10-18,EGGS,13915.0
2015-10-19,EGGS,10403.0
2015-10-20,EGGS,7674.0
2015-10-21,EGGS,7491.0
2015-10-22,EGGS,6758.0
2015-10-23,EGGS,7789.0
2015-10-24,EGGS,10159.0
2015-10-25,EGGS,12914.0
2015-10-26,EGGS,10764.0
2015-10-27,EGGS,7221.0
2015-10-28,EGGS,6587.0
2015-10-29,EGGS,6511.0
2015-10-30,EGGS,8285.0
2015-10-31,EGGS,10455.0
2015-11-01,EGGS,10046.0
2015-11-02,EGGS,10481.0
2015-11-03,EGGS,12314.0
2015-11-04,EGGS,11285.0
2015-11-05,EGGS,7549.0
2015-11-06,EGGS,8061.0
2015-11-07,EGGS,10930.0
2015-11-08,EGGS,13216.0
2015-11-09,EGGS,10392.0
2015-11-10,EGGS,7393.0
2015-11-11,EGGS,7333.0
2015-11-12,EGGS,5633.0
2015-11-13,EGGS,7682.0
2015-11-14,EGGS,10167.0
2015-11-15,EGGS,13579.0
2015-11-16,EGGS,10471.0
2015-11-17,EGGS,7788.0
2015-11-18,EGGS,7571.0
2015-11-19,EGGS,6224.0
2015-11-20,EGGS,8092.0
2015-11-21,EGGS,9999.0
2015-11-22,EGGS,12691.0
2015-11-23,EGGS,10240.0
2015-11-24,EGGS,7562.0
2015-11-25,EGGS,7351.0
2015-11-26,EGGS,5890.0
2015-11-27,EGGS,7495.0
2015-11-28,EGGS,9574.0
2015-11-29,EGGS,12629.0
2015-11-30,EGGS,10053.0
2015-12-01,EGGS,9383.0
2015-12-02,EGGS,9011.0
2015-12-03,EGGS,7421.0
2015-12-04,EGGS,8287.0
2015-12-05,EGGS,9671.0
2015-12-06,EGGS,13342.0
2015-12-07,EGGS,10023.0
2015-12-08,EGGS,8016.0
2015-12-09,EGGS,8081.0
2015-12-10,EGGS,6826.0
2015-12-11,EGGS,7362.0
2015-12-12,EGGS,9232.0
2015-12-13,EGGS,12241.0
2015-12-14,EGGS,9939.0
2015-12-15,EGGS,8438.0
2015-12-16,EGGS,7608.0
2015-12-17,EGGS,6698.0
2015-12-18,EGGS,8032.0
2015-12-19,EGGS,10374.0
2015-12-20,EGGS,12028.0
2015-12-21,EGGS,10750.0
2015-12-22,EGGS,9226.0
2015-12-23,EGGS,10446.0
2015-12-24,EGGS,9122.0
2015-12-26,EGGS,10009.0
2015-12-27,EGGS,9282.0
2015-12-28,EGGS,9116.0
2015-12-29,EGGS,8471.0
2015-12-30,EGGS,10224.0
2015-12-31,EGGS,9143.0
2016-01-01,EGGS,230.0
2016-01-02,EGGS,12032.0
2016-01-03,EGGS,14589.0
2016-01-04,EGGS,12998.0
2016-01-05,EGGS,9357.0
2016-01-06,EGGS,8484.0
2016-01-07,EGGS,6687.0
2016-01-08,EGGS,8699.0
2016-01-09,EGGS,10200.0
2016-01-10,EGGS,12681.0
2016-01-11,EGGS,10303.0
2016-01-12,EGGS,7499.0
2016-01-13,EGGS,7171.0
2016-01-14,EGGS,6282.0
2016-01-15,EGGS,8289.0
2016-01-16,EGGS,10884.0
2016-01-17,EGGS,13272.0
2016-01-18,EGGS,9675.0
2016-01-19,EGGS,7656.0
2016-01-20,EGGS,8192.0
2016-01-21,EGGS,6501.0
2016-01-22,EGGS,7640.0
2016-01-23,EGGS,10432.0
2016-01-24,EGGS,12627.0
2016-01-25,EGGS,9354.0
2016-01-26,EGGS,7462.0
2016-01-27,EGGS,7420.0
2016-01-28,EGGS,6079.0
2016-01-29,EGGS,8110.0
2016-01-30,EGGS,11058.0
2016-01-31,EGGS,13009.0
2016-02-01,EGGS,12350.0
2016-02-02,EGGS,8746.0
2016-02-03,EGGS,7946.0
2016-02-04,EGGS,7225.0
2016-02-05,EGGS,9495.0
2016-02-06,EGGS,10634.0
2016-02-07,EGGS,8360.0
2016-02-08,EGGS,8787.0
2016-02-09,EGGS,10433.0
2016-02-10,EGGS,9941.0
2016-02-11,EGGS,7885.0
2016-02-12,EGGS,8329.0
2016-02-13,EGGS,9947.0
2016-02-14,EGGS,11446.0
2016-02-15,EGGS,10335.0
2016-02-16,EGGS,8352.0
2016-02-17,EGGS,8472.0
2016-02-18,EGGS,6437.0
2016-02-19,EGGS,8211.0
2016-02-20,EGGS,10158.0
2016-02-21,EGGS,12364.0
2016-02-22,EGGS,10107.0
2016-02-23,EGGS,7696.0
2016-02-24,EGGS,7910.0
2016-02-25,EGGS,6486.0
2016-02-26,EGGS,8344.0
2016-02-27,EGGS,10593.0
2016-02-28,EGGS,12710.0
2016-02-29,EGGS,10278.0
2016-03-01,EGGS,10111.0
2016-03-02,EGGS,9388.0
2016-03-03,EGGS,7732.0
2016-03-04,EGGS,9189.0
2016-03-05,EGGS,11330.0
2016-03-06,EGGS,13138.0
2016-03-07,EGGS,10846.0
2016-03-08,EGGS,7801.0
2016-03-09,EGGS,7888.0
2016-03-10,EGGS,6914.0
2016-03-11,EGGS,8573.0
2016-03-12,EGGS,10449.0
2016-03-13,EGGS,12371.0
2016-03-14,EGGS,9554.0
2016-03-15,EGGS,8260.0
2016-03-16,EGGS,9395.0
2016-03-17,EGGS,6929.0
2016-03-18,EGGS,8190.0
2016-03-19,EGGS,10718.0
2016-03-20,EGGS,11766.0
2016-03-21,EGGS,10621.0
2016-03-22,EGGS,7683.0
2016-03-23,EGGS,8999.0
2016-03-24,EGGS,9283.0
2016-03-25,EGGS,10059.0
2016-03-26,EGGS,10316.0
2016-03-27,EGGS,10913.0
2016-03-28,EGGS,10175.0
2016-03-29,EGGS,7798.0
2016-03-30,EGGS,7979.0
2016-03-31,EGGS,7397.0
2016-04-01,EGGS,10637.0
2016-04-02,EGGS,12946.0
2016-04-03,EGGS,15387.0
2016-04-04,EGGS,11258.0
2016-04-05,EGGS,8055.0
2016-04-06,EGGS,8551.0
2016-04-07,EGGS,6667.0
2016-04-08,EGGS,8207.0
2016-04-09,EGGS,10818.0
2016-04-10,EGGS,13610.0
2016-04-11,EGGS,10374.0
2016-04-12,EGGS,7746.0
2016-04-13,EGGS,7696.0
2016-04-14,EGGS,6635.0
2016-04-15,EGGS,8203.0
2016-04-16,EGGS,9956.0
2016-04-17,EGGS,14433.0
2016-04-18,EGGS,12667.0
2016-04-19,EGGS,9235.0
2016-04-20,EGGS,9250.0
2016-04-21,EGGS,7510.0
2016-04-22,EGGS,8310.0
2016-04-23,EGGS,11087.0
2016-04-24,EGGS,13033.0
2016-04-25,EGGS,10590.0
2016-04-26,EGGS,7564.0
2016-04-27,EGGS,7355.0
2016-04-28,EGGS,6265.0
2016-04-29,EGGS,8714.0
2016-04-30,EGGS,11556.0
2016-05-01,EGGS,15012.0
2016-05-02,EGGS,12170.0
2016-05-03,EGGS,9216.0
2016-05-04,EGGS,8210.0
2016-05-05,EGGS,7095.0
2016-05-06,EGGS,9073.0
2016-05-07,EGGS,12656.0
2016-05-08,EGGS,9745.0
2016-05-09,EGGS,11889.0
2016-05-10,EGGS,7968.0
2016-05-11,EGGS,7976.0
2016-05-12,EGGS,6651.0
2016-05-13,EGGS,8712.0
2016-05-14,EGGS,11032.0
2016-05-15,EGGS,13333.0
2016-05-16,EGGS,11072.0
2016-05-17,EGGS,8187.0
2016-05-18,EGGS,7772.0
2016-05-19,EGGS,7359.0
2016-05-20,EGGS,8915.0
2016-05-21,EGGS,10813.0
2016-05-22,EGGS,13443.0
2016-05-23,EGGS,11185.0
2016-05-24,EGGS,7555.0
2016-05-25,EGGS,8000.0
2016-05-26,EGGS,6923.0
2016-05-27,EGGS,11078.0
2016-05-28,EGGS,10056.0
2016-05-29,EGGS,12122.0
2016-05-30,EGGS,11865.0
2016-05-31,EGGS,10311.0
2016-06-01,EGGS,8979.0
2016-06-02,EGGS,8081.0
2016-06-03,EGGS,9083.0
2016-06-04,EGGS,11584.0
2016-06-05,EGGS,14008.0
2016-06-06,EGGS,11720.0
2016-06-07,EGGS,8155.0
2016-06-08,EGGS,8504.0
2016-06-09,EGGS,6492.0
2016-06-10,EGGS,7859.0
2016-06-11,EGGS,11582.0
2016-06-12,EGGS,12165.0
2016-06-13,EGGS,11368.0
2016-06-14,EGGS,8299.0
2016-06-15,EGGS,9178.0
2016-06-16,EGGS,7733.0
2016-06-17,EGGS,8930.0
2016-06-18,EGGS,12220.0
2016-06-19,EGGS,10190.0
2016-06-20,EGGS,13386.0
2016-06-21,EGGS,8031.0
2016-06-22,EGGS,8525.0
2016-06-23,EGGS,7413.0
2016-06-24,EGGS,8118.0
2016-06-25,EGGS,10573.0
2016-06-26,EGGS,13156.0
2016-06-27,EGGS,12786.0
2016-06-28,EGGS,7888.0
2016-06-29,EGGS,7639.0
2016-06-30,EGGS,7297.0
2016-07-01,EGGS,10302.0
2016-07-02,EGGS,13051.0
2016-07-03,EGGS,14621.0
2016-07-04,EGGS,14008.0
2016-07-05,EGGS,8903.0
2016-07-06,EGGS,8440.0
2016-07-07,EGGS,7238.0
2016-07-08,EGGS,8952.0
2016-07-09,EGGS,10260.0
2016-07-10,EGGS,11881.0
2016-07-11,EGGS,11188.0
2016-07-12,EGGS,7537.0
2016-07-13,EGGS,7561.0
2016-07-14,EGGS,6736.0
2016-07-15,EGGS,8368.0
2016-07-16,EGGS,10986.0
2016-07-17,EGGS,12909.0
2016-07-18,EGGS,11879.0
2016-07-19,EGGS,8502.0
2016-07-20,EGGS,7976.0
2016-07-21,EGGS,7074.0
2016-07-22,EGGS,7846.0
2016-07-23,EGGS,9949.0
2016-07-24,EGGS,11339.0
2016-07-25,EGGS,12404.0
2016-07-26,EGGS,7997.0
2016-07-27,EGGS,8169.0
2016-07-28,EGGS,6727.0
2016-07-29,EGGS,8493.0
2016-07-30,EGGS,10821.0
2016-07-31,EGGS,12714.0
2016-08-01,EGGS,14711.0
2016-08-02,EGGS,9223.0
2016-08-03,EGGS,9082.0
2016-08-04,EGGS,6974.0
2016-08-05,EGGS,8005.0
2016-08-06,EGGS,9620.0
2016-08-07,EGGS,11415.0
2016-08-08,EGGS,12345.0
2016-08-09,EGGS,7502.0
2016-08-10,EGGS,7494.0
2016-08-11,EGGS,7729.0
2016-08-12,EGGS,8538.0
2016-08-13,EGGS,8645.0
2016-08-14,EGGS,9843.0
2016-08-15,EGGS,13314.0
2016-08-16,EGGS,8762.0
2016-08-17,EGGS,7894.0
2016-08-18,EGGS,6254.0
2016-08-19,EGGS,7933.0
2016-08-20,EGGS,9361.0
2016-08-21,EGGS,11591.0
2016-08-22,EGGS,12762.0
2016-08-23,EGGS,7720.0
2016-08-24,EGGS,7834.0
2016-08-25,EGGS,6822.0
2016-08-26,EGGS,8506.0
2016-08-27,EGGS,9634.0
2016-08-28,EGGS,11563.0
2016-08-29,EGGS,13239.0
2016-08-30,EGGS,7699.0
2016-08-31,EGGS,7876.0
2016-09-01,EGGS,8287.0
2016-09-02,EGGS,9624.0
2016-09-03,EGGS,11550.0
2016-09-04,EGGS,13232.0
2016-09-05,EGGS,14746.0
2016-09-06,EGGS,8808.0
2016-09-07,EGGS,7882.0
2016-09-08,EGGS,7349.0
2016-09-09,EGGS,7694.0
2016-09-10,EGGS,10096.0
2016-09-11,EGGS,12347.0
2016-09-12,EGGS,12698.0
2016-09-13,EGGS,7356.0
2016-09-14,EGGS,7254.0
2016-09-15,EGGS,6933.0
2016-09-16,EGGS,8488.0
2016-09-17,EGGS,10478.0
2016-09-18,EGGS,12866.0
2016-09-19,EGGS,14435.0
2016-09-20,EGGS,7996.0
2016-09-21,EGGS,7745.0
2016-09-22,EGGS,6306.0
2016-09-23,EGGS,9154.0
2016-09-24,EGGS,10493.0
2016-09-25,EGGS,12671.0
2016-09-26,EGGS,13534.0
2016-09-27,EGGS,7749.0
2016-09-28,EGGS,7634.0
2016-09-29,EGGS,6682.0
2016-09-30,EGGS,8327.0
2016-10-01,EGGS,13754.0
2016-10-02,EGGS,15446.0
2016-10-03,EGGS,16460.0
2016-10-04,EGGS,9015.0
2016-10-05,EGGS,8439.0
2016-10-06,EGGS,7113.0
2016-10-07,EGGS,9256.0
2016-10-08,EGGS,10976.0
2016-10-09,EGGS,13862.0
2016-10-10,EGGS,15910.0
2016-10-11,EGGS,7528.0
2016-10-12,EGGS,8295.0
2016-10-13,EGGS,7368.0
2016-10-14,EGGS,9099.0
2016-10-15,EGGS,11087.0
2016-10-16,EGGS,14066.0
2016-10-17,EGGS,15311.0
2016-10-18,EGGS,7960.0
2016-10-19,EGGS,8190.0
2016-10-20,EGGS,7146.0
2016-10-21,EGGS,8169.0
2016-10-22,EGGS,10336.0
2016-10-23,EGGS,14158.0
2016-10-24,EGGS,19230.0
2016-10-25,EGGS,8047.0
2016-10-26,EGGS,7897.0
2016-10-27,EGGS,6587.0
2016-10-28,EGGS,8277.0
2016-10-29,EGGS,11096.0
2016-10-30,EGGS,12654.0
2016-10-31,EGGS,16759.0
2016-11-01,EGGS,9355.0
2016-11-02,EGGS,10094.0
2016-11-03,EGGS,10320.0
2016-11-04,EGGS,10355.0
2016-11-05,EGGS,10096.0
2016-11-06,EGGS,13886.0
2016-11-07,EGGS,22878.0
2016-11-08,EGGS,9689.0
2016-11-09,EGGS,9577.0
2016-11-10,EGGS,7001.0
2016-11-11,EGGS,8715.0
2016-11-12,EGGS,10923.0
2016-11-13,EGGS,15630.0
2016-11-14,EGGS,18780.0
2016-11-15,EGGS,8555.0
2016-11-16,EGGS,9338.0
2016-11-17,EGGS,6974.0
2016-11-18,EGGS,8796.0
2016-11-19,EGGS,10784.0
2016-11-20,EGGS,13904.0
2016-11-21,EGGS,19296.0
2016-11-22,EGGS,8356.0
2016-11-23,EGGS,8515.0
2016-11-24,EGGS,6684.0
2016-11-25,EGGS,8160.0
2016-11-26,EGGS,10186.0
2016-11-27,EGGS,13708.0
2016-11-28,EGGS,18009.0
2016-11-29,EGGS,7987.0
2016-11-30,EGGS,8372.0
2016-12-01,EGGS,9191.0
2016-12-02,EGGS,9555.0
2016-12-03,EGGS,11722.0
2016-12-04,EGGS,14809.0
2016-12-05,EGGS,21736.0
2016-12-06,EGGS,10500.0
2016-12-07,EGGS,9244.0
2016-12-08,EGGS,7669.0
2016-12-09,EGGS,8466.0
2016-12-10,EGGS,10757.0
2016-12-11,EGGS,13292.0
2016-12-12,EGGS,17475.0
2016-12-13,EGGS,8064.0
2016-12-14,EGGS,8012.0
2016-12-15,EGGS,8099.0
2016-12-16,EGGS,9138.0
2016-12-17,EGGS,10790.0
2016-12-18,EGGS,13397.0
2016-12-19,EGGS,18348.0
2016-12-20,EGGS,9326.0
2016-12-21,EGGS,9894.0
2016-12-22,EGGS,9191.0
2016-12-23,EGGS,10996.0
2016-12-24,EGGS,11374.0
2016-12-26,EGGS,16608.0
2016-12-27,EGGS,9779.0
2016-12-28,EGGS,10437.0
2016-12-29,EGGS,8659.0
2016-12-30,EGGS,11330.0
2016-12-31,EGGS,10854.0
2017-01-01,EGGS,103.0
2017-01-02,EGGS,18796.0
2017-01-03,EGGS,13344.0
2017-01-04,EGGS,11063.0
2017-01-05,EGGS,9004.0
2017-01-06,EGGS,8698.0
2017-01-07,EGGS,11334.0
2017-01-08,EGGS,13580.0
2017-01-09,EGGS,13676.0
2017-01-10,EGGS,8343.0
2017-01-11,EGGS,8029.0
2017-01-12,EGGS,6888.0
2017-01-13,EGGS,8357.0
2017-01-14,EGGS,11029.0
2017-01-15,EGGS,13645.0
2017-01-16,EGGS,13105.0
2017-01-17,EGGS,8313.0
2017-01-18,EGGS,7820.0
2017-01-19,EGGS,6552.0
2017-01-20,EGGS,8156.0
2017-01-21,EGGS,12141.0
2017-01-22,EGGS,13146.0
2017-01-23,EGGS,14389.0
2017-01-24,EGGS,8153.0
2017-01-25,EGGS,7857.0
2017-01-26,EGGS,6198.0
2017-01-27,EGGS,8013.0
2017-01-28,EGGS,11138.0
2017-01-29,EGGS,12847.0
2017-01-30,EGGS,13232.0
2017-01-31,EGGS,9015.0
2017-02-01,EGGS,10038.0
2017-02-02,EGGS,7844.0
2017-02-03,EGGS,9303.0
2017-02-04,EGGS,11740.0
2017-02-05,EGGS,13259.0
2017-02-06,EGGS,11648.0
2017-02-07,EGGS,7699.0
2017-02-08,EGGS,8898.0
2017-02-09,EGGS,7053.0
2017-02-10,EGGS,8152.0
2017-02-11,EGGS,10417.0
2017-02-12,EGGS,12944.0
2017-02-13,EGGS,12693.0
2017-02-14,EGGS,7040.0
2017-02-15,EGGS,8404.0
2017-02-16,EGGS,8125.0
2017-02-17,EGGS,9655.0
2017-02-18,EGGS,12598.0
2017-02-19,EGGS,10541.0
2017-02-20,EGGS,13314.0
2017-02-21,EGGS,8886.0
2017-02-22,EGGS,8192.0
2017-02-23,EGGS,7723.0
2017-02-24,EGGS,9932.0
2017-02-25,EGGS,11865.0
2017-02-26,EGGS,9410.0
2017-02-27,EGGS,11131.0
2017-02-28,EGGS,12564.0
2017-03-01,EGGS,12720.0
2017-03-02,EGGS,10420.0
2017-03-03,EGGS,10392.0
2017-03-04,EGGS,12704.0
2017-03-05,EGGS,14060.0
2017-03-06,EGGS,13860.0
2017-03-07,EGGS,9163.0
2017-03-08,EGGS,8917.0
2017-03-09,EGGS,7444.0
2017-03-10,EGGS,9180.0
2017-03-11,EGGS,11385.0
2017-03-12,EGGS,14162.0
2017-03-13,EGGS,13015.0
2017-03-14,EGGS,8109.0
2017-03-15,EGGS,9626.0
2017-03-16,EGGS,8224.0
2017-03-17,EGGS,9202.0
2017-03-18,EGGS,12039.0
2017-03-19,EGGS,13921.0
2017-03-20,EGGS,14454.0
2017-03-21,EGGS,8659.0
2017-03-22,EGGS,8988.0
2017-03-23,EGGS,7145.0
2017-03-24,EGGS,9397.0
2017-03-25,EGGS,11070.0
2017-03-26,EGGS,13305.0
2017-03-27,EGGS,12730.0
2017-03-28,EGGS,7718.0
2017-03-29,EGGS,8802.0
2017-03-30,EGGS,7286.0
2017-03-31,EGGS,10216.0
2017-04-01,EGGS,15831.0
2017-04-02,EGGS,12567.0
2017-04-03,EGGS,14016.0
2017-04-04,EGGS,9586.0
2017-04-05,EGGS,9025.0
2017-04-06,EGGS,8034.0
2017-04-07,EGGS,8592.0
2017-04-08,EGGS,10758.0
2017-04-09,EGGS,13348.0
2017-04-10,EGGS,13589.0
2017-04-11,EGGS,9129.0
2017-04-12,EGGS,8420.0
2017-04-13,EGGS,10056.0
2017-04-14,EGGS,9698.0
2017-04-15,EGGS,10694.0
2017-04-16,EGGS,12127.0
2017-04-17,EGGS,14051.0
2017-04-18,EGGS,9316.0
2017-04-19,EGGS,8878.0
2017-04-20,EGGS,8095.0
2017-04-21,EGGS,9112.0
2017-04-22,EGGS,11067.0
2017-04-23,EGGS,14271.0
2017-04-24,EGGS,14413.0
2017-04-25,EGGS,9108.0
2017-04-26,EGGS,9097.0
2017-04-27,EGGS,7528.0
2017-04-28,EGGS,9138.0
2017-04-29,EGGS,11823.0
2017-04-30,EGGS,12001.0
2017-05-01,EGGS,19610.0
2017-05-02,EGGS,11384.0
2017-05-03,EGGS,9917.0
2017-05-04,EGGS,8007.0
2017-05-05,EGGS,9036.0
2017-05-06,EGGS,11886.0
2017-05-07,EGGS,15471.0
2017-05-08,EGGS,14982.0
2017-05-09,EGGS,8398.0
2017-05-10,EGGS,8724.0
2017-05-11,EGGS,7279.0
2017-05-12,EGGS,8930.0
2017-05-13,EGGS,13260.0
2017-05-14,EGGS,10581.0
2017-05-15,EGGS,15112.0
2017-05-16,EGGS,10123.0
2017-05-17,EGGS,9201.0
2017-05-18,EGGS,7335.0
2017-05-19,EGGS,9054.0
2017-05-20,EGGS,11787.0
2017-05-21,EGGS,14690.0
2017-05-22,EGGS,13949.0
2017-05-23,EGGS,8544.0
2017-05-24,EGGS,8228.0
2017-05-25,EGGS,7297.0
2017-05-26,EGGS,11349.0
2017-05-27,EGGS,10823.0
2017-05-28,EGGS,13012.0
2017-05-29,EGGS,14091.0
2017-05-30,EGGS,8700.0
2017-05-31,EGGS,9202.0
2017-06-01,EGGS,8363.0
2017-06-02,EGGS,10951.0
2017-06-03,EGGS,12943.0
2017-06-04,EGGS,16456.0
2017-06-05,EGGS,15484.0
2017-06-06,EGGS,8884.0
2017-06-07,EGGS,9238.0
2017-06-08,EGGS,8110.0
2017-06-09,EGGS,9499.0
2017-06-10,EGGS,12029.0
2017-06-11,EGGS,15568.0
2017-06-12,EGGS,14299.0
2017-06-13,EGGS,9469.0
2017-06-14,EGGS,9030.0
2017-06-15,EGGS,7943.0
2017-06-16,EGGS,10478.0
2017-06-17,EGGS,14322.0
2017-06-18,EGGS,12460.0
2017-06-19,EGGS,14602.0
2017-06-20,EGGS,10348.0
2017-06-21,EGGS,9069.0
2017-06-22,EGGS,6978.0
2017-06-23,EGGS,8750.0
2017-06-24,EGGS,11531.0
2017-06-25,EGGS,14180.0
2017-06-26,EGGS,13542.0
2017-06-27,EGGS,8395.0
2017-06-28,EGGS,8350.0
2017-06-29,EGGS,7089.0
2017-06-30,EGGS,9061.0
2017-07-01,EGGS,13249.0
2017-07-02,EGGS,15861.0
2017-07-03,EGGS,16458.0
2017-07-04,EGGS,9881.0
2017-07-05,EGGS,8941.0
2017-07-06,EGGS,7672.0
2017-07-07,EGGS,9033.0
2017-07-08,EGGS,11052.0
2017-07-09,EGGS,13737.0
2017-07-10,EGGS,15233.0
2017-07-11,EGGS,8565.0
2017-07-12,EGGS,8438.0
2017-07-13,EGGS,7054.0
2017-07-14,EGGS,9050.0
2017-07-15,EGGS,11266.0
2017-07-16,EGGS,13650.0
2017-07-17,EGGS,15264.0
2017-07-18,EGGS,8935.0
2017-07-19,EGGS,9150.0
2017-07-20,EGGS,7977.0
2017-07-21,EGGS,9735.0
2017-07-22,EGGS,10622.0
2017-07-23,EGGS,13476.0
2017-07-24,EGGS,14347.0
2017-07-25,EGGS,8981.0
2017-07-26,EGGS,8386.0
2017-07-27,EGGS,7530.0
2017-07-28,EGGS,10450.0
2017-07-29,EGGS,11091.0
2017-07-30,EGGS,13048.0
2017-07-31,EGGS,15017.0
2017-08-01,EGGS,11871.0
2017-08-02,EGGS,9919.0
2017-08-03,EGGS,7894.0
2017-08-04,EGGS,9618.0
2017-08-05,EGGS,10734.0
2017-08-06,EGGS,13293.0
2017-08-07,EGGS,14597.0
2017-08-08,EGGS,8682.0
2017-08-09,EGGS,8198.0
2017-08-10,EGGS,8016.0
2017-08-11,EGGS,9428.0
2017-08-12,EGGS,9560.0
2017-08-13,EGGS,11478.0
2017-08-14,EGGS,14600.0
2017-08-15,EGGS,9624.0
2015-01-01,FROZEN FOODS,831.417
2015-01-02,FROZEN FOODS,11945.450009
2015-01-03,FROZEN FOODS,11354.62298
2015-01-04,FROZEN FOODS,9735.620997
2015-01-05,FROZEN FOODS,7217.057015
2015-01-06,FROZEN FOODS,7199.1600100000005
2015-01-07,FROZEN FOODS,7200.583005
2015-01-08,FROZEN FOODS,6239.613024
2015-01-09,FROZEN FOODS,7204.184994
2015-01-10,FROZEN FOODS,9439.123004000001
2015-01-11,FROZEN FOODS,9292.318024
2015-01-12,FROZEN FOODS,5728.206
2015-01-13,FROZEN FOODS,5229.162002
2015-01-14,FROZEN FOODS,5720.789001
2015-01-15,FROZEN FOODS,5182.154991
2015-01-16,FROZEN FOODS,7378.9700105
2015-01-17,FROZEN FOODS,10292.788999
2015-01-18,FROZEN FOODS,8289.87799
2015-01-19,FROZEN FOODS,5261.624
2015-01-20,FROZEN FOODS,4794.157002
2015-01-21,FROZEN FOODS,5772.832002
2015-01-22,FROZEN FOODS,4883.988
2015-01-23,FROZEN FOODS,6391.496996
2015-01-24,FROZEN FOODS,9283.50899
2015-01-25,FROZEN FOODS,8363.86801
2015-01-26,FROZEN FOODS,4804.172
2015-01-27,FROZEN FOODS,4181.689998
2015-01-28,FROZEN FOODS,5212.731002
2015-01-29,FROZEN FOODS,4630.90698
2015-01-30,FROZEN FOODS,6534.398999999999
2015-01-31,FROZEN FOODS,10020.098
2015-02-01,FROZEN FOODS,10040.773002
2015-02-02,FROZEN FOODS,6029.973007
2015-02-03,FROZEN FOODS,5467.1520040000005
2015-02-04,FROZEN FOODS,5774.443998
2015-02-05,FROZEN FOODS,5349.535981
2015-02-06,FROZEN FOODS,6482.699988
2015-02-07,FROZEN FOODS,9370.805
2015-02-08,FROZEN FOODS,7878.46199
2015-02-09,FROZEN FOODS,4943.105002
2015-02-10,FROZEN FOODS,4702.966
2015-02-11,FROZEN FOODS,5011.3459935
2015-02-12,FROZEN FOODS,5285.744003
2015-02-13,FROZEN FOODS,7378.743004
2015-02-14,FROZEN FOODS,10417.91
2015-02-15,FROZEN FOODS,7747.851
2015-02-16,FROZEN FOODS,7248.896
2015-02-17,FROZEN FOODS,6805.923
2015-02-18,FROZEN FOODS,5663.6
2015-02-19,FROZEN FOODS,5413.679008
2015-02-20,FROZEN FOODS,6766.008001
2015-02-21,FROZEN FOODS,9430.221996
2015-02-22,FROZEN FOODS,8577.637002
2015-02-23,FROZEN FOODS,4770.393
2015-02-24,FROZEN FOODS,4631.455
2015-02-25,FROZEN FOODS,5312.356
2015-02-26,FROZEN FOODS,4758.653
2015-02-27,FROZEN FOODS,6589.935004
2015-02-28,FROZEN FOODS,9991.195002
2015-03-01,FROZEN FOODS,9992.484004
2015-03-02,FROZEN FOODS,5797.472007
2015-03-03,FROZEN FOODS,5498.717
2015-03-04,FROZEN FOODS,5975.506
2015-03-05,FROZEN FOODS,5396.373998
2015-03-06,FROZEN FOODS,7206.7580020000005
2015-03-07,FROZEN FOODS,10276.001012
2015-03-08,FROZEN FOODS,8520.523995
2015-03-09,FROZEN FOODS,5677.616996
2015-03-10,FROZEN FOODS,5399.072996
2015-03-11,FROZEN FOODS,5791.865012
2015-03-12,FROZEN FOODS,5113.438998
2015-03-13,FROZEN FOODS,6555.19701
2015-03-14,FROZEN FOODS,9895.707
2015-03-15,FROZEN FOODS,7626.510998
2015-03-16,FROZEN FOODS,5203.875996
2015-03-17,FROZEN FOODS,4657.910002
2015-03-18,FROZEN FOODS,4800.921002
2015-03-19,FROZEN FOODS,4686.755002
2015-03-20,FROZEN FOODS,6219.286
2015-03-21,FROZEN FOODS,9770.936004
2015-03-22,FROZEN FOODS,7576.682998
2015-03-23,FROZEN FOODS,4784.251996
2015-03-24,FROZEN FOODS,4676.326
2015-03-25,FROZEN FOODS,5006.626
2015-03-26,FROZEN FOODS,4714.024
2015-03-27,FROZEN FOODS,6346.518001
2015-03-28,FROZEN FOODS,8920.376
2015-03-29,FROZEN FOODS,6955.228004
2015-03-30,FROZEN FOODS,4645.757004
2015-03-31,FROZEN FOODS,4849.604
2015-04-01,FROZEN FOODS,6321.817
2015-04-02,FROZEN FOODS,6504.559
2015-04-03,FROZEN FOODS,8378.363
2015-04-04,FROZEN FOODS,10085.387999999999
2015-04-05,FROZEN FOODS,8081.976
2015-04-06,FROZEN FOODS,5666.226
2015-04-07,FROZEN FOODS,5409.811003
2015-04-08,FROZEN FOODS,5934.496993
2015-04-09,FROZEN FOODS,5284.661998
2015-04-10,FROZEN FOODS,6700.135
2015-04-11,FROZEN FOODS,10375.955008
2015-04-12,FROZEN FOODS,8699.051
2015-04-13,FROZEN FOODS,5627.018002
2015-04-14,FROZEN FOODS,5005.112
2015-04-15,FROZEN FOODS,5980.453
2015-04-16,FROZEN FOODS,5673.57199
2015-04-17,FROZEN FOODS,7148.807
2015-04-18,FROZEN FOODS,10798.219000000001
2015-04-19,FROZEN FOODS,9090.87
2015-04-20,FROZEN FOODS,5336.392
2015-04-21,FROZEN FOODS,5291.191987
2015-04-22,FROZEN FOODS,6192.756
2015-04-23,FROZEN FOODS,4836.409998
2015-04-24,FROZEN FOODS,6757.825999
2015-04-25,FROZEN FOODS,9704.483
2015-04-26,FROZEN FOODS,8029.76298
2015-04-27,FROZEN FOODS,4602.1
2015-04-28,FROZEN FOODS,4461.317
2015-04-29,FROZEN FOODS,5502.612002
2015-04-30,FROZEN FOODS,6451.889
2015-05-01,FROZEN FOODS,10006.751002
2015-05-02,FROZEN FOODS,10811.662
2015-05-03,FROZEN FOODS,8648.436
2015-05-04,FROZEN FOODS,5790.669004
2015-05-05,FROZEN FOODS,5889.439004
2015-05-06,FROZEN FOODS,6772.969008
2015-05-07,FROZEN FOODS,5970.19399
2015-05-08,FROZEN FOODS,8179.12798
2015-05-09,FROZEN FOODS,12279.06502
2015-05-10,FROZEN FOODS,8280.22098
2015-05-11,FROZEN FOODS,5569.580997999999
2015-05-12,FROZEN FOODS,4899.546
2015-05-13,FROZEN FOODS,5247.0289999999995
2015-05-14,FROZEN FOODS,4955.3
2015-05-15,FROZEN FOODS,6609.630998
2015-05-16,FROZEN FOODS,10255.903002000001
2015-05-17,FROZEN FOODS,8497.912
2015-05-18,FROZEN FOODS,5313.680998
2015-05-19,FROZEN FOODS,4925.096
2015-05-20,FROZEN FOODS,5572.631999
2015-05-21,FROZEN FOODS,5169.871
2015-05-22,FROZEN FOODS,6795.629
2015-05-23,FROZEN FOODS,9847.56
2015-05-24,FROZEN FOODS,8061.814
2015-05-25,FROZEN FOODS,5182.785004
2015-05-26,FROZEN FOODS,4839.126
2015-05-27,FROZEN FOODS,5750.95701
2015-05-28,FROZEN FOODS,4805.122998
2015-05-29,FROZEN FOODS,6887.705002
2015-05-30,FROZEN FOODS,10639.468
2015-05-31,FROZEN FOODS,9509.268006
2015-06-01,FROZEN FOODS,6651.876
2015-06-02,FROZEN FOODS,5917.000002
2015-06-03,FROZEN FOODS,6193.366004
2015-06-04,FROZEN FOODS,5881.879
2015-06-05,FROZEN FOODS,7437.705998
2015-06-06,FROZEN FOODS,10747.796001
2015-06-07,FROZEN FOODS,8838.270998
2015-06-08,FROZEN FOODS,5204.360996
2015-06-09,FROZEN FOODS,5143.970998
2015-06-10,FROZEN FOODS,5683.277996
2015-06-11,FROZEN FOODS,5549.237
2015-06-12,FROZEN FOODS,6858.968004
2015-06-13,FROZEN FOODS,9942.008996
2015-06-14,FROZEN FOODS,8736.793
2015-06-15,FROZEN FOODS,5535.378
2015-06-16,FROZEN FOODS,5921.746992
2015-06-17,FROZEN FOODS,6425.831996
2015-06-18,FROZEN FOODS,5799.966
2015-06-19,FROZEN FOODS,8176.570019
2015-06-20,FROZEN FOODS,11641.055
2015-06-21,FROZEN FOODS,8310.87
2015-06-22,FROZEN FOODS,5323.195004
2015-06-23,FROZEN FOODS,5521.42
2015-06-24,FROZEN FOODS,5798.398002
2015-06-25,FROZEN FOODS,5560.287
2015-06-26,FROZEN FOODS,7043.73202
2015-06-27,FROZEN FOODS,10101.261
2015-06-28,FROZEN FOODS,8675.311
2015-06-29,FROZEN FOODS,5127.261998
2015-06-30,FROZEN FOODS,5339.210002
2015-07-01,FROZEN FOODS,7540.802994
2015-07-02,FROZEN FOODS,6544.1159959999995
2015-07-03,FROZEN FOODS,8747.418998000001
2015-07-04,FROZEN FOODS,11427.772996
2015-07-05,FROZEN FOODS,9198.93299
2015-07-06,FROZEN FOODS,6381.84
2015-07-07,FROZEN FOODS,5746.581006
2015-07-08,FROZEN FOODS,6556.093
2015-07-09,FROZEN FOODS,5410.254996
2015-07-10,FROZEN FOODS,7089.15
2015-07-11,FROZEN FOODS,9224.28302
2015-07-12,FROZEN FOODS,7953.023
2015-07-13,FROZEN FOODS,5511.258
2015-07-14,FROZEN FOODS,5024.409012
2015-07-15,FROZEN FOODS,5795.805
2015-07-16,FROZEN FOODS,5540.656
2015-07-17,FROZEN FOODS,7782.921
2015-07-18,FROZEN FOODS,10093.241
2015-07-19,FROZEN FOODS,7754.32199
2015-07-20,FROZEN FOODS,5538.621002
2015-07-21,FROZEN FOODS,5420.335004
2015-07-22,FROZEN FOODS,5409.942992
2015-07-23,FROZEN FOODS,5209.43
2015-07-24,FROZEN FOODS,7408.718
2015-07-25,FROZEN FOODS,9695.183
2015-07-26,FROZEN FOODS,7418.655004
2015-07-27,FROZEN FOODS,5001.225998
2015-07-28,FROZEN FOODS,4978.408
2015-07-29,FROZEN FOODS,5257.056001
2015-07-30,FROZEN FOODS,4925.434002
2015-07-31,FROZEN FOODS,7632.161
2015-08-01,FROZEN FOODS,11351.504012
2015-08-02,FROZEN FOODS,8721.972
2015-08-03,FROZEN FOODS,6550.810002
2015-08-04,FROZEN FOODS,6042.041998
2015-08-05,FROZEN FOODS,6158.715
2015-08-06,FROZEN FOODS,5480.774004
2015-08-07,FROZEN FOODS,7055.570992
2015-08-08,FROZEN FOODS,9415.484
2015-08-09,FROZEN FOODS,6526.675
2015-08-10,FROZEN FOODS,6727.633
2015-08-11,FROZEN FOODS,5129.739996
2015-08-12,FROZEN FOODS,5837.551
2015-08-13,FROZEN FOODS,5060.189999
2015-08-14,FROZEN FOODS,6993.269976
2015-08-15,FROZEN FOODS,10075.016
2015-08-16,FROZEN FOODS,7526.025004
2015-08-17,FROZEN FOODS,5145.295
2015-08-18,FROZEN FOODS,5050.989
2015-08-19,FROZEN FOODS,5372.1840059999995
2015-08-20,FROZEN FOODS,5167.55401
2015-08-21,FROZEN FOODS,7227.819014
2015-08-22,FROZEN FOODS,9773.51
2015-08-23,FROZEN FOODS,7287.150996
2015-08-24,FROZEN FOODS,5169.126
2015-08-25,FROZEN FOODS,4941.255
2015-08-26,FROZEN FOODS,5261.340002
2015-08-27,FROZEN FOODS,5215.979004
2015-08-28,FROZEN FOODS,6876.85
2015-08-29,FROZEN FOODS,9773.427
2015-08-30,FROZEN FOODS,8346.444002
2015-08-31,FROZEN FOODS,5968.119998
2015-09-01,FROZEN FOODS,6751.171
2015-09-02,FROZEN FOODS,6748.206
2015-09-03,FROZEN FOODS,5993.94899
2015-09-04,FROZEN FOODS,7485.355004
2015-09-05,FROZEN FOODS,11161.455998
2015-09-06,FROZEN FOODS,8857.454
2015-09-07,FROZEN FOODS,5510.407
2015-09-08,FROZEN FOODS,5028.833018
2015-09-09,FROZEN FOODS,5487.615978
2015-09-10,FROZEN FOODS,4991.197012
2015-09-11,FROZEN FOODS,7181.986998
2015-09-12,FROZEN FOODS,9829.989
2015-09-13,FROZEN FOODS,8562.556006
2015-09-14,FROZEN FOODS,5031.818998
2015-09-15,FROZEN FOODS,5379.414999
2015-09-16,FROZEN FOODS,6044.486008
2015-09-17,FROZEN FOODS,5264.540002
2015-09-18,FROZEN FOODS,6805.788002
2015-09-19,FROZEN FOODS,10297.628
2015-09-20,FROZEN FOODS,8323.302996
2015-09-21,FROZEN FOODS,5212.894
2015-09-22,FROZEN FOODS,4901.745978
2015-09-23,FROZEN FOODS,5554.99099
2015-09-24,FROZEN FOODS,4917.923994
2015-09-25,FROZEN FOODS,6722.032999
2015-09-26,FROZEN FOODS,9903.25
2015-09-27,FROZEN FOODS,8218.544
2015-09-28,FROZEN FOODS,4756.554998
2015-09-29,FROZEN FOODS,4558.373
2015-09-30,FROZEN FOODS,5697.15301
2015-10-01,FROZEN FOODS,6570.028
2015-10-02,FROZEN FOODS,8228.762998
2015-10-03,FROZEN FOODS,11775.39296
2015-10-04,FROZEN FOODS,9818.661
2015-10-05,FROZEN FOODS,6218.96301
2015-10-06,FROZEN FOODS,5411.381005
2015-10-07,FROZEN FOODS,6102.944
2015-10-08,FROZEN FOODS,6693.304988
2015-10-09,FROZEN FOODS,9511.137999999999
2015-10-10,FROZEN FOODS,9756.240992
2015-10-11,FROZEN FOODS,7558.694998
2015-10-12,FROZEN FOODS,5268.765003
2015-10-13,FROZEN FOODS,4764.538002
2015-10-14,FROZEN FOODS,5200.517012
2015-10-15,FROZEN FOODS,5088.050998
2015-10-16,FROZEN FOODS,6910.77
2015-10-17,FROZEN FOODS,10129.736
2015-10-18,FROZEN FOODS,8280.28
2015-10-19,FROZEN FOODS,5274.837002
2015-10-20,FROZEN FOODS,5266.598005
2015-10-21,FROZEN FOODS,5581.953983
2015-10-22,FROZEN FOODS,5128.734
2015-10-23,FROZEN FOODS,6721.09403
2015-10-24,FROZEN FOODS,10108.203
2015-10-25,FROZEN FOODS,8400.394980000001
2015-10-26,FROZEN FOODS,5045.699998
2015-10-27,FROZEN FOODS,4906.357011
2015-10-28,FROZEN FOODS,5174.073
2015-10-29,FROZEN FOODS,5141.766996
2015-10-30,FROZEN FOODS,7471.498968
2015-10-31,FROZEN FOODS,10338.917
2015-11-01,FROZEN FOODS,8056.538998
2015-11-02,FROZEN FOODS,7821.087998
2015-11-03,FROZEN FOODS,8688.73501
2015-11-04,FROZEN FOODS,6390.299998
2015-11-05,FROZEN FOODS,5738.266996
2015-11-06,FROZEN FOODS,7059.614
2015-11-07,FROZEN FOODS,9291.887
2015-11-08,FROZEN FOODS,8554.518
2015-11-09,FROZEN FOODS,5180.738999
2015-11-10,FROZEN FOODS,5314.756006
2015-11-11,FROZEN FOODS,5412.903
2015-11-12,FROZEN FOODS,5507.243004
2015-11-13,FROZEN FOODS,6878.021998
2015-11-14,FROZEN FOODS,10359.82598
2015-11-15,FROZEN FOODS,9009.90104
2015-11-16,FROZEN FOODS,5747.864999
2015-11-17,FROZEN FOODS,5890.767001
2015-11-18,FROZEN FOODS,6515.211018
2015-11-19,FROZEN FOODS,6008.644964
2015-11-20,FROZEN FOODS,8005.428008
2015-11-21,FROZEN FOODS,11051.47697
2015-11-22,FROZEN FOODS,9801.327004
2015-11-23,FROZEN FOODS,7012.300022
2015-11-24,FROZEN FOODS,6935.169024
2015-11-25,FROZEN FOODS,6915.282002
2015-11-26,FROZEN FOODS,6510.389
2015-11-27,FROZEN FOODS,9048.944012
2015-11-28,FROZEN FOODS,11656.50498
2015-11-29,FROZEN FOODS,10660.120988
2015-11-30,FROZEN FOODS,7220.898006
2015-12-01,FROZEN FOODS,12043.338068000001
2015-12-02,FROZEN FOODS,9530.167998
2015-12-03,FROZEN FOODS,11663.387129
2015-12-04,FROZEN FOODS,11352.285980999999
2015-12-05,FROZEN FOODS,18074.064142
2015-12-06,FROZEN FOODS,15340.251998
2015-12-07,FROZEN FOODS,11469.349999
2015-12-08,FROZEN FOODS,16529.750842
2015-12-09,FROZEN FOODS,15315.268011
2015-12-10,FROZEN FOODS,15802.475908
2015-12-11,FROZEN FOODS,26270.001028
2015-12-12,FROZEN FOODS,27415.6662
2015-12-13,FROZEN FOODS,25574.74309
2015-12-14,FROZEN FOODS,28772.354132
2015-12-15,FROZEN FOODS,47530.990026
2015-12-16,FROZEN FOODS,47030.806155
2015-12-17,FROZEN FOODS,54920.19258
2015-12-18,FROZEN FOODS,67192.28286
2015-12-19,FROZEN FOODS,86604.2474
2015-12-20,FROZEN FOODS,78793.41393
2015-12-21,FROZEN FOODS,117443.23589
2015-12-22,FROZEN FOODS,122042.91562
2015-12-23,FROZEN FOODS,102628.90298
2015-12-24,FROZEN FOODS,56100.756049999996
2015-12-26,FROZEN FOODS,31696.96498
2015-12-27,FROZEN FOODS,24831.405915
2015-12-28,FROZEN FOODS,33035.536845
2015-12-29,FROZEN FOODS,47246.439565
2015-12-30,FROZEN FOODS,44110.85885
2015-12-31,FROZEN FOODS,30272.139030000002
2016-01-01,FROZEN FOODS,596.125
2016-01-02,FROZEN FOODS,11795.280977999999
2016-01-03,FROZEN FOODS,11447.520994
2016-01-04,FROZEN FOODS,8546.223
2016-01-05,FROZEN FOODS,8191.186
2016-01-06,FROZEN FOODS,8208.030982
2016-01-07,FROZEN FOODS,6695.146012
2016-01-08,FROZEN FOODS,8568.511
2016-01-09,FROZEN FOODS,12475.255
2016-01-10,FROZEN FOODS,10042.072004
2016-01-11,FROZEN FOODS,5854.884986
2016-01-12,FROZEN FOODS,5740.711002
2016-01-13,FROZEN FOODS,6379.314994
2016-01-14,FROZEN FOODS,5688.049015
2016-01-15,FROZEN FOODS,8304.881988000001
2016-01-16,FROZEN FOODS,12448.304
2016-01-17,FROZEN FOODS,9845.015
2016-01-18,FROZEN FOODS,6221.602999
2016-01-19,FROZEN FOODS,6210.094994
2016-01-20,FROZEN FOODS,7652.058986
2016-01-21,FROZEN FOODS,5298.237016
2016-01-22,FROZEN FOODS,7569.928004
2016-01-23,FROZEN FOODS,11155.850032
2016-01-24,FROZEN FOODS,8522.569
2016-01-25,FROZEN FOODS,5253.183002
2016-01-26,FROZEN FOODS,5067.421976
2016-01-27,FROZEN FOODS,5829.260024
2016-01-28,FROZEN FOODS,5381.132
2016-01-29,FROZEN FOODS,7503.620996
2016-01-30,FROZEN FOODS,11492.192998
2016-01-31,FROZEN FOODS,9284.123
2016-02-01,FROZEN FOODS,6861.383015
2016-02-02,FROZEN FOODS,6295.958
2016-02-03,FROZEN FOODS,6675.642006
2016-02-04,FROZEN FOODS,6210.934008
2016-02-05,FROZEN FOODS,9190.299001
2016-02-06,FROZEN FOODS,12693.756
2016-02-07,FROZEN FOODS,9254.744
2016-02-08,FROZEN FOODS,7630.576
2016-02-09,FROZEN FOODS,7003.026
2016-02-10,FROZEN FOODS,6677.55602
2016-02-11,FROZEN FOODS,5832.691004
2016-02-12,FROZEN FOODS,7954.740994
2016-02-13,FROZEN FOODS,10655.918
2016-02-14,FROZEN FOODS,9095.455
2016-02-15,FROZEN FOODS,5973.109002
2016-02-16,FROZEN FOODS,6017.770998
2016-02-17,FROZEN FOODS,6568.26701
2016-02-18,FROZEN FOODS,5615.331996
2016-02-19,FROZEN FOODS,7715.352004
2016-02-20,FROZEN FOODS,11126.191
2016-02-21,FROZEN FOODS,8541.989
2016-02-22,FROZEN FOODS,5690.119998
2016-02-23,FROZEN FOODS,5608.113995
2016-02-24,FROZEN FOODS,5976.481994
2016-02-25,FROZEN FOODS,5455.181
2016-02-26,FROZEN FOODS,7210.136006
2016-02-27,FROZEN FOODS,11447.969000000001
2016-02-28,FROZEN FOODS,8455.922002
2016-02-29,FROZEN FOODS,5445.416
2016-03-01,FROZEN FOODS,6842.324
2016-03-02,FROZEN FOODS,7038.769992
2016-03-03,FROZEN FOODS,5621.199
2016-03-04,FROZEN FOODS,7808.218002
2016-03-05,FROZEN FOODS,11460.046998
2016-03-06,FROZEN FOODS,8750.243026
2016-03-07,FROZEN FOODS,5790.759996
2016-03-08,FROZEN FOODS,5857.28499
2016-03-09,FROZEN FOODS,5950.165
2016-03-10,FROZEN FOODS,5230.235
2016-03-11,FROZEN FOODS,7881.571006
2016-03-12,FROZEN FOODS,10603.259
2016-03-13,FROZEN FOODS,8194.590006
2016-03-14,FROZEN FOODS,5133.383998
2016-03-15,FROZEN FOODS,5298.688
2016-03-16,FROZEN FOODS,6138.961996
2016-03-17,FROZEN FOODS,5299.250999
2016-03-18,FROZEN FOODS,7562.164
2016-03-19,FROZEN FOODS,10479.523
2016-03-20,FROZEN FOODS,8288.333
2016-03-21,FROZEN FOODS,5403.093992
2016-03-22,FROZEN FOODS,5051.195
2016-03-23,FROZEN FOODS,6160.094
2016-03-24,FROZEN FOODS,7431.201
2016-03-25,FROZEN FOODS,7503.139002
2016-03-26,FROZEN FOODS,9802.714998
2016-03-27,FROZEN FOODS,7289.708002
2016-03-28,FROZEN FOODS,5234.46799
2016-03-29,FROZEN FOODS,5464.3550000000005
2016-03-30,FROZEN FOODS,5638.071
2016-03-31,FROZEN FOODS,5440.979998
2016-04-01,FROZEN FOODS,8660.406002
2016-04-02,FROZEN FOODS,11744.853
2016-04-03,FROZEN FOODS,9529.95599
2016-04-04,FROZEN FOODS,5798.959
2016-04-05,FROZEN FOODS,5698.897
2016-04-06,FROZEN FOODS,5945.765996
2016-04-07,FROZEN FOODS,5133.180988
2016-04-08,FROZEN FOODS,7190.903
2016-04-09,FROZEN FOODS,10521.556
2016-04-10,FROZEN FOODS,8547.33
2016-04-11,FROZEN FOODS,4885.021
2016-04-12,FROZEN FOODS,5136.86
2016-04-13,FROZEN FOODS,5679.616014
2016-04-14,FROZEN FOODS,5494.070996
2016-04-15,FROZEN FOODS,7691.761002
2016-04-16,FROZEN FOODS,9910.17201
2016-04-17,FROZEN FOODS,8429.363
2016-04-18,FROZEN FOODS,5716.6730019999995
2016-04-19,FROZEN FOODS,5567.260986
2016-04-20,FROZEN FOODS,5952.338002
2016-04-21,FROZEN FOODS,5241.248012
2016-04-22,FROZEN FOODS,6928.114998
2016-04-23,FROZEN FOODS,9758.785998
2016-04-24,FROZEN FOODS,8353.753
2016-04-25,FROZEN FOODS,5235.324
2016-04-26,FROZEN FOODS,4907.647997
2016-04-27,FROZEN FOODS,5665.209
2016-04-28,FROZEN FOODS,4922.513
2016-04-29,FROZEN FOODS,7473.936993
2016-04-30,FROZEN FOODS,10893.37002
2016-05-01,FROZEN FOODS,10116.359004
2016-05-02,FROZEN FOODS,6365.907
2016-05-03,FROZEN FOODS,6657.769996
2016-05-04,FROZEN FOODS,6806.49898
2016-05-05,FROZEN FOODS,6567.989
2016-05-06,FROZEN FOODS,9018.494042
2016-05-07,FROZEN FOODS,12849.385001999999
2016-05-08,FROZEN FOODS,8583.405999999999
2016-05-09,FROZEN FOODS,5578.404
2016-05-10,FROZEN FOODS,5120.612004
2016-05-11,FROZEN FOODS,5841.646998
2016-05-12,FROZEN FOODS,5562.15
2016-05-13,FROZEN FOODS,7404.215998
2016-05-14,FROZEN FOODS,10786.496992
2016-05-15,FROZEN FOODS,8805.863
2016-05-16,FROZEN FOODS,5825.943
2016-05-17,FROZEN FOODS,5326.99
2016-05-18,FROZEN FOODS,5545.309996
2016-05-19,FROZEN FOODS,5532.683002
2016-05-20,FROZEN FOODS,7340.6820020000005
2016-05-21,FROZEN FOODS,10430.592
2016-05-22,FROZEN FOODS,8830.396002
2016-05-23,FROZEN FOODS,5344.327
2016-05-24,FROZEN FOODS,5058.900003
2016-05-25,FROZEN FOODS,5870.6549780000005
2016-05-26,FROZEN FOODS,6068.069978
2016-05-27,FROZEN FOODS,10257.561998
2016-05-28,FROZEN FOODS,9690.351
2016-05-29,FROZEN FOODS,7289.8009999999995
2016-05-30,FROZEN FOODS,5511.79
2016-05-31,FROZEN FOODS,6930.073968
2016-06-01,FROZEN FOODS,6785.27399
2016-06-02,FROZEN FOODS,5695.684998
2016-06-03,FROZEN FOODS,7444.976982
2016-06-04,FROZEN FOODS,11099.4
2016-06-05,FROZEN FOODS,8515.591
2016-06-06,FROZEN FOODS,5085.015
2016-06-07,FROZEN FOODS,4955.078995
2016-06-08,FROZEN FOODS,5822.116998
2016-06-09,FROZEN FOODS,4707.183996
2016-06-10,FROZEN FOODS,6735.782999
2016-06-11,FROZEN FOODS,9503.874
2016-06-12,FROZEN FOODS,7856.694
2016-06-13,FROZEN FOODS,5321.908
2016-06-14,FROZEN FOODS,5170.666002
2016-06-15,FROZEN FOODS,6121.657998
2016-06-16,FROZEN FOODS,6627.585004
2016-06-17,FROZEN FOODS,8881.997988
2016-06-18,FROZEN FOODS,12092.543998
2016-06-19,FROZEN FOODS,8598.417
2016-06-20,FROZEN FOODS,5298.853019
2016-06-21,FROZEN FOODS,5080.053006
2016-06-22,FROZEN FOODS,5595.133986
2016-06-23,FROZEN FOODS,5199.159
2016-06-24,FROZEN FOODS,6937.912
2016-06-25,FROZEN FOODS,11100.246
2016-06-26,FROZEN FOODS,8345.085998
2016-06-27,FROZEN FOODS,5094.679
2016-06-28,FROZEN FOODS,5129.943998
2016-06-29,FROZEN FOODS,5605.306002
2016-06-30,FROZEN FOODS,5208.065996
2016-07-01,FROZEN FOODS,8892.791986
2016-07-02,FROZEN FOODS,11774.921
2016-07-03,FROZEN FOODS,8849.691004
2016-07-04,FROZEN FOODS,6128.758
2016-07-05,FROZEN FOODS,6016.844002
2016-07-06,FROZEN FOODS,6506.722006
2016-07-07,FROZEN FOODS,5563.750996
2016-07-08,FROZEN FOODS,7564.0650000000005
2016-07-09,FROZEN FOODS,10444.056007
2016-07-10,FROZEN FOODS,7859.4
2016-07-11,FROZEN FOODS,5423.444
2016-07-12,FROZEN FOODS,4907.553
2016-07-13,FROZEN FOODS,5466.39499
2016-07-14,FROZEN FOODS,4869.093
2016-07-15,FROZEN FOODS,6829.130999
2016-07-16,FROZEN FOODS,10105.032
2016-07-17,FROZEN FOODS,7653.564
2016-07-18,FROZEN FOODS,5181.249
2016-07-19,FROZEN FOODS,4971.272995
2016-07-20,FROZEN FOODS,6087.168996
2016-07-21,FROZEN FOODS,5016.881
2016-07-22,FROZEN FOODS,6948.892004
2016-07-23,FROZEN FOODS,9561.022
2016-07-24,FROZEN FOODS,7130.86199
2016-07-25,FROZEN FOODS,5463.503988
2016-07-26,FROZEN FOODS,4808.120998
2016-07-27,FROZEN FOODS,5726.349016
2016-07-28,FROZEN FOODS,5110.162002
2016-07-29,FROZEN FOODS,7117.210002
2016-07-30,FROZEN FOODS,10301.094002
2016-07-31,FROZEN FOODS,7673.238002
2016-08-01,FROZEN FOODS,6526.251005
2016-08-02,FROZEN FOODS,5823.613004
2016-08-03,FROZEN FOODS,6136.617998
2016-08-04,FROZEN FOODS,5309.593004
2016-08-05,FROZEN FOODS,7120.318
2016-08-06,FROZEN FOODS,9743.026
2016-08-07,FROZEN FOODS,7101.648984
2016-08-08,FROZEN FOODS,5267.026001
2016-08-09,FROZEN FOODS,4828.678
2016-08-10,FROZEN FOODS,5678.037
2016-08-11,FROZEN FOODS,5566.375
2016-08-12,FROZEN FOODS,8518.465
2016-08-13,FROZEN FOODS,8619.36801
2016-08-14,FROZEN FOODS,6306.898
2016-08-15,FROZEN FOODS,5075.482
2016-08-16,FROZEN FOODS,5246.715996
2016-08-17,FROZEN FOODS,5790.897998
2016-08-18,FROZEN FOODS,5276.054978
2016-08-19,FROZEN FOODS,6867.5989979999995
2016-08-20,FROZEN FOODS,9422.787
2016-08-21,FROZEN FOODS,7244.926998
2016-08-22,FROZEN FOODS,5151.533004
2016-08-23,FROZEN FOODS,5359.349
2016-08-24,FROZEN FOODS,5424.396004
2016-08-25,FROZEN FOODS,5081.005006
2016-08-26,FROZEN FOODS,6688.188005
2016-08-27,FROZEN FOODS,9239.56
2016-08-28,FROZEN FOODS,7045.764
2016-08-29,FROZEN FOODS,4933.104
2016-08-30,FROZEN FOODS,4508.134
2016-08-31,FROZEN FOODS,5877.152004
2016-09-01,FROZEN FOODS,6081.737
2016-09-02,FROZEN FOODS,7758.93299
2016-09-03,FROZEN FOODS,10743.233
2016-09-04,FROZEN FOODS,8387.083
2016-09-05,FROZEN FOODS,6035.84
2016-09-06,FROZEN FOODS,5605.417
2016-09-07,FROZEN FOODS,5574.51498
2016-09-08,FROZEN FOODS,5080.557
2016-09-09,FROZEN FOODS,6749.195
2016-09-10,FROZEN FOODS,9964.633
2016-09-11,FROZEN FOODS,7705.314
2016-09-12,FROZEN FOODS,4999.79801
2016-09-13,FROZEN FOODS,4556.510988
2016-09-14,FROZEN FOODS,4826.712998
2016-09-15,FROZEN FOODS,4661.6630000000005
2016-09-16,FROZEN FOODS,6825.300002
2016-09-17,FROZEN FOODS,9881.997
2016-09-18,FROZEN FOODS,7723.477998
2016-09-19,FROZEN FOODS,4797.136002
2016-09-20,FROZEN FOODS,4819.092998
2016-09-21,FROZEN FOODS,5068.9090080000005
2016-09-22,FROZEN FOODS,4697.823002
2016-09-23,FROZEN FOODS,7069.650003
2016-09-24,FROZEN FOODS,9833.434
2016-09-25,FROZEN FOODS,7429.95
2016-09-26,FROZEN FOODS,5004.306
2016-09-27,FROZEN FOODS,4539.203002
2016-09-28,FROZEN FOODS,5092.505002
2016-09-29,FROZEN FOODS,4544.734002
2016-09-30,FROZEN FOODS,7064.850996
2016-10-01,FROZEN FOODS,10851.558993999999
2016-10-02,FROZEN FOODS,8894.99
2016-10-03,FROZEN FOODS,6034.76702
2016-10-04,FROZEN FOODS,5242.255997
2016-10-05,FROZEN FOODS,5818.925005
2016-10-06,FROZEN FOODS,5182.78399
2016-10-07,FROZEN FOODS,6999.484999
2016-10-08,FROZEN FOODS,10167.957
2016-10-09,FROZEN FOODS,8221.765
2016-10-10,FROZEN FOODS,5090.253
2016-10-11,FROZEN FOODS,5086.946
2016-10-12,FROZEN FOODS,5219.594002
2016-10-13,FROZEN FOODS,4858.168
2016-10-14,FROZEN FOODS,6660.014
2016-10-15,FROZEN FOODS,10069.131
2016-10-16,FROZEN FOODS,8514.496986
2016-10-17,FROZEN FOODS,5380.559998
2016-10-18,FROZEN FOODS,4891.857
2016-10-19,FROZEN FOODS,5217.142002
2016-10-20,FROZEN FOODS,5014.84102
2016-10-21,FROZEN FOODS,7273.317
2016-10-22,FROZEN FOODS,9460.854
2016-10-23,FROZEN FOODS,7982.5579960000005
2016-10-24,FROZEN FOODS,4695.241002
2016-10-25,FROZEN FOODS,4677.427002
2016-10-26,FROZEN FOODS,5557.801003
2016-10-27,FROZEN FOODS,4825.766
2016-10-28,FROZEN FOODS,7087.986
2016-10-29,FROZEN FOODS,10837.303998
2016-10-30,FROZEN FOODS,7873.391
2016-10-31,FROZEN FOODS,5042.844
2016-11-01,FROZEN FOODS,6700.444
2016-11-02,FROZEN FOODS,9655.285
2016-11-03,FROZEN FOODS,7992.652996
2016-11-04,FROZEN FOODS,9199.761
2016-11-05,FROZEN FOODS,9594.761003
2016-11-06,FROZEN FOODS,8551.983
2016-11-07,FROZEN FOODS,5849.051
2016-11-08,FROZEN FOODS,5986.207
2016-11-09,FROZEN FOODS,6265.408
2016-11-10,FROZEN FOODS,5385.762998
2016-11-11,FROZEN FOODS,7091.909
2016-11-12,FROZEN FOODS,10022.152992
2016-11-13,FROZEN FOODS,9294.119999999999
2016-11-14,FROZEN FOODS,5492.331006
2016-11-15,FROZEN FOODS,5520.384001
2016-11-16,FROZEN FOODS,6986.953012
2016-11-17,FROZEN FOODS,5455.074008
2016-11-18,FROZEN FOODS,7929.939998
2016-11-19,FROZEN FOODS,11176.60203
2016-11-20,FROZEN FOODS,9672.675
2016-11-21,FROZEN FOODS,6762.902998
2016-11-22,FROZEN FOODS,6698.504006
2016-11-23,FROZEN FOODS,7366.946002
2016-11-24,FROZEN FOODS,6014.874998
2016-11-25,FROZEN FOODS,8197.209954
2016-11-26,FROZEN FOODS,10942.680996000001
2016-11-27,FROZEN FOODS,9656.37902
2016-11-28,FROZEN FOODS,6257.311002
2016-11-29,FROZEN FOODS,6295.153001
2016-11-30,FROZEN FOODS,7668.905974
2016-12-01,FROZEN FOODS,9539.312972
2016-12-02,FROZEN FOODS,10150.375997000001
2016-12-03,FROZEN FOODS,13926.89302
2016-12-04,FROZEN FOODS,12297.33401
2016-12-05,FROZEN FOODS,21348.498983999998
2016-12-06,FROZEN FOODS,11464.783998
2016-12-07,FROZEN FOODS,10875.565123
2016-12-08,FROZEN FOODS,10915.826
2016-12-09,FROZEN FOODS,14837.388008
2016-12-10,FROZEN FOODS,20418.137
2016-12-11,FROZEN FOODS,18529.08595
2016-12-12,FROZEN FOODS,23339.58387
2016-12-13,FROZEN FOODS,22712.142788
2016-12-14,FROZEN FOODS,32866.912037
2016-12-15,FROZEN FOODS,32206.44599
2016-12-16,FROZEN FOODS,65088.534135
2016-12-17,FROZEN FOODS,58606.12801
2016-12-18,FROZEN FOODS,62029.60888
2016-12-19,FROZEN FOODS,68972.892905
2016-12-20,FROZEN FOODS,82051.21496
2016-12-21,FROZEN FOODS,109451.1241
2016-12-22,FROZEN FOODS,96905.35804
2016-12-23,FROZEN FOODS,91756.49899
2016-12-24,FROZEN FOODS,49125.38403
2016-12-26,FROZEN FOODS,26747.261845
2016-12-27,FROZEN FOODS,26433.315951
2016-12-28,FROZEN FOODS,39280.51403
2016-12-29,FROZEN FOODS,41578.29482
2016-12-30,FROZEN FOODS,45110.21695
2016-12-31,FROZEN FOODS,32037.25391
2017-01-01,FROZEN FOODS,777.0
2017-01-02,FROZEN FOODS,11980.091981
2017-01-03,FROZEN FOODS,8997.205039
2017-01-04,FROZEN FOODS,9256.197994
2017-01-05,FROZEN FOODS,6962.985998
2017-01-06,FROZEN FOODS,9061.35701
2017-01-07,FROZEN FOODS,11757.900994
2017-01-08,FROZEN FOODS,9112.547994
2017-01-09,FROZEN FOODS,6040.371986
2017-01-10,FROZEN FOODS,5652.114997
2017-01-11,FROZEN FOODS,6374.298006
2017-01-12,FROZEN FOODS,5666.246999
2017-01-13,FROZEN FOODS,7918.028016
2017-01-14,FROZEN FOODS,10926.31502
2017-01-15,FROZEN FOODS,8851.922999999999
2017-01-16,FROZEN FOODS,5698.93202
2017-01-17,FROZEN FOODS,5694.258025
2017-01-18,FROZEN FOODS,6054.745002000001
2017-01-19,FROZEN FOODS,5165.02701
2017-01-20,FROZEN FOODS,7014.501009
2017-01-21,FROZEN FOODS,10510.439992
2017-01-22,FROZEN FOODS,8542.95299
2017-01-23,FROZEN FOODS,5760.911996
2017-01-24,FROZEN FOODS,5595.00599
2017-01-25,FROZEN FOODS,5718.342986
2017-01-26,FROZEN FOODS,5164.085001
2017-01-27,FROZEN FOODS,7408.007992
2017-01-28,FROZEN FOODS,10426.16999
2017-01-29,FROZEN FOODS,7945.4010020000005
2017-01-30,FROZEN FOODS,4720.385998
2017-01-31,FROZEN FOODS,5284.964994
2017-02-01,FROZEN FOODS,6914.005
2017-02-02,FROZEN FOODS,5751.177998
2017-02-03,FROZEN FOODS,7520.893002
2017-02-04,FROZEN FOODS,11906.594
2017-02-05,FROZEN FOODS,8703.998
2017-02-06,FROZEN FOODS,5767.087011
2017-02-07,FROZEN FOODS,5923.088991
2017-02-08,FROZEN FOODS,6625.892999
2017-02-09,FROZEN FOODS,5231.715998
2017-02-10,FROZEN FOODS,7428.526
2017-02-11,FROZEN FOODS,11341.031
2017-02-12,FROZEN FOODS,8050.628024
2017-02-13,FROZEN FOODS,5759.7789999999995
2017-02-14,FROZEN FOODS,5761.268001
2017-02-15,FROZEN FOODS,6028.601974
2017-02-16,FROZEN FOODS,5467.325006
2017-02-17,FROZEN FOODS,6645.493994
2017-02-18,FROZEN FOODS,9665.808
2017-02-19,FROZEN FOODS,6730.09
2017-02-20,FROZEN FOODS,5018.747
2017-02-21,FROZEN FOODS,5009.207
2017-02-22,FROZEN FOODS,5601.390002
2017-02-23,FROZEN FOODS,5678.544998
2017-02-24,FROZEN FOODS,8295.278992
2017-02-25,FROZEN FOODS,12060.05998
2017-02-26,FROZEN FOODS,9374.461995
2017-02-27,FROZEN FOODS,8123.935988
2017-02-28,FROZEN FOODS,7762.824002
2017-03-01,FROZEN FOODS,6904.154
2017-03-02,FROZEN FOODS,6013.127996
2017-03-03,FROZEN FOODS,7661.870001
2017-03-04,FROZEN FOODS,11418.238
2017-03-05,FROZEN FOODS,8913.190004
2017-03-06,FROZEN FOODS,5194.447
2017-03-07,FROZEN FOODS,5408.662995
2017-03-08,FROZEN FOODS,6206.187004
2017-03-09,FROZEN FOODS,5366.662
2017-03-10,FROZEN FOODS,7124.62
2017-03-11,FROZEN FOODS,9891.316004
2017-03-12,FROZEN FOODS,8262.340998
2017-03-13,FROZEN FOODS,5052.036992
2017-03-14,FROZEN FOODS,4987.622
2017-03-15,FROZEN FOODS,5683.614
2017-03-16,FROZEN FOODS,5689.71201
2017-03-17,FROZEN FOODS,7430.259
2017-03-18,FROZEN FOODS,11063.76
2017-03-19,FROZEN FOODS,8142.293
2017-03-20,FROZEN FOODS,5389.412
2017-03-21,FROZEN FOODS,5616.76401
2017-03-22,FROZEN FOODS,5822.038998
2017-03-23,FROZEN FOODS,6275.805
2017-03-24,FROZEN FOODS,7358.168004
2017-03-25,FROZEN FOODS,10785.525
2017-03-26,FROZEN FOODS,7998.074
2017-03-27,FROZEN FOODS,5051.884
2017-03-28,FROZEN FOODS,5057.689
2017-03-29,FROZEN FOODS,5811.287
2017-03-30,FROZEN FOODS,5240.103002
2017-03-31,FROZEN FOODS,7041.438
2017-04-01,FROZEN FOODS,11427.506
2017-04-02,FROZEN FOODS,7733.26
2017-04-03,FROZEN FOODS,5359.717999
2017-04-04,FROZEN FOODS,5582.323998
2017-04-05,FROZEN FOODS,6053.015
2017-04-06,FROZEN FOODS,5632.859
2017-04-07,FROZEN FOODS,7195.116002
2017-04-08,FROZEN FOODS,10099.907996
2017-04-09,FROZEN FOODS,7722.617
2017-04-10,FROZEN FOODS,5052.14399
2017-04-11,FROZEN FOODS,5071.880004
2017-04-12,FROZEN FOODS,5657.100994
2017-04-13,FROZEN FOODS,6239.702
2017-04-14,FROZEN FOODS,7562.375996
2017-04-15,FROZEN FOODS,9993.03301
2017-04-16,FROZEN FOODS,7562.04
2017-04-17,FROZEN FOODS,5628.393006
2017-04-18,FROZEN FOODS,5594.226992
2017-04-19,FROZEN FOODS,5553.867
2017-04-20,FROZEN FOODS,5739.238
2017-04-21,FROZEN FOODS,8098.028995
2017-04-22,FROZEN FOODS,11259.678
2017-04-23,FROZEN FOODS,8899.944
2017-04-24,FROZEN FOODS,5385.057
2017-04-25,FROZEN FOODS,5489.641
2017-04-26,FROZEN FOODS,6102.346014
2017-04-27,FROZEN FOODS,5484.549991
2017-04-28,FROZEN FOODS,8630.9
2017-04-29,FROZEN FOODS,12384.462004
2017-04-30,FROZEN FOODS,8692.915
2017-05-01,FROZEN FOODS,10093.95997
2017-05-02,FROZEN FOODS,6474.007
2017-05-03,FROZEN FOODS,7069.505002
2017-05-04,FROZEN FOODS,5860.918001
2017-05-05,FROZEN FOODS,8290.284005
2017-05-06,FROZEN FOODS,11477.18897
2017-05-07,FROZEN FOODS,9145.761998
2017-05-08,FROZEN FOODS,5927.864992
2017-05-09,FROZEN FOODS,6138.91098
2017-05-10,FROZEN FOODS,7110.545948
2017-05-11,FROZEN FOODS,7156.566009
2017-05-12,FROZEN FOODS,9882.753002
2017-05-13,FROZEN FOODS,13348.805996
2017-05-14,FROZEN FOODS,8179.543996
2017-05-15,FROZEN FOODS,5828.855
2017-05-16,FROZEN FOODS,5893.807
2017-05-17,FROZEN FOODS,6230.265
2017-05-18,FROZEN FOODS,5759.939
2017-05-19,FROZEN FOODS,7911.064
2017-05-20,FROZEN FOODS,11062.898
2017-05-21,FROZEN FOODS,8848.087
2017-05-22,FROZEN FOODS,5463.975
2017-05-23,FROZEN FOODS,5437.923006
2017-05-24,FROZEN FOODS,6038.249015
2017-05-25,FROZEN FOODS,6217.870996
2017-05-26,FROZEN FOODS,11123.902966
2017-05-27,FROZEN FOODS,10534.432996
2017-05-28,FROZEN FOODS,7640.651
2017-05-29,FROZEN FOODS,5318.217
2017-05-30,FROZEN FOODS,5165.808992
2017-05-31,FROZEN FOODS,6435.745004
2017-06-01,FROZEN FOODS,6566.374
2017-06-02,FROZEN FOODS,9474.385004
2017-06-03,FROZEN FOODS,12107.559006
2017-06-04,FROZEN FOODS,9795.01
2017-06-05,FROZEN FOODS,6299.196
2017-06-06,FROZEN FOODS,5670.2719990000005
2017-06-07,FROZEN FOODS,6641.251029999999
2017-06-08,FROZEN FOODS,5476.738999
2017-06-09,FROZEN FOODS,8061.605996
2017-06-10,FROZEN FOODS,11016.832996
2017-06-11,FROZEN FOODS,8259.279998
2017-06-12,FROZEN FOODS,5067.443
2017-06-13,FROZEN FOODS,5414.407996
2017-06-14,FROZEN FOODS,6475.552992
2017-06-15,FROZEN FOODS,6645.19802
2017-06-16,FROZEN FOODS,9814.932999
2017-06-17,FROZEN FOODS,13055.574
2017-06-18,FROZEN FOODS,8399.079006
2017-06-19,FROZEN FOODS,5500.505
2017-06-20,FROZEN FOODS,5357.101008
2017-06-21,FROZEN FOODS,5638.402
2017-06-22,FROZEN FOODS,5051.267005
2017-06-23,FROZEN FOODS,8041.76499
2017-06-24,FROZEN FOODS,10955.09002
2017-06-25,FROZEN FOODS,8271.04902
2017-06-26,FROZEN FOODS,5462.881003
2017-06-27,FROZEN FOODS,4906.3679999999995
2017-06-28,FROZEN FOODS,5805.440993
2017-06-29,FROZEN FOODS,5364.822
2017-06-30,FROZEN FOODS,8132.047994
2017-07-01,FROZEN FOODS,12040.241001999999
2017-07-02,FROZEN FOODS,9370.688
2017-07-03,FROZEN FOODS,6560.371019
2017-07-04,FROZEN FOODS,6349.132
2017-07-05,FROZEN FOODS,6852.871
2017-07-06,FROZEN FOODS,5780.835014
2017-07-07,FROZEN FOODS,7752.952005
2017-07-08,FROZEN FOODS,10823.37398
2017-07-09,FROZEN FOODS,7736.754004
2017-07-10,FROZEN FOODS,5410.813976
2017-07-11,FROZEN FOODS,5435.512001
2017-07-12,FROZEN FOODS,5810.217999
2017-07-13,FROZEN FOODS,5409.869004
2017-07-14,FROZEN FOODS,7582.688005
2017-07-15,FROZEN FOODS,10466.956
2017-07-16,FROZEN FOODS,8063.397
2017-07-17,FROZEN FOODS,5425.588
2017-07-18,FROZEN FOODS,5061.880002
2017-07-19,FROZEN FOODS,5531.912996
2017-07-20,FROZEN FOODS,5713.711007
2017-07-21,FROZEN FOODS,7680.79902
2017-07-22,FROZEN FOODS,10352.76799
2017-07-23,FROZEN FOODS,7929.269
2017-07-24,FROZEN FOODS,5705.086002
2017-07-25,FROZEN FOODS,5347.322
2017-07-26,FROZEN FOODS,5703.014996
2017-07-27,FROZEN FOODS,5609.829
2017-07-28,FROZEN FOODS,8423.32601
2017-07-29,FROZEN FOODS,10466.068
2017-07-30,FROZEN FOODS,7621.7090020000005
2017-07-31,FROZEN FOODS,5694.973988
2017-08-01,FROZEN FOODS,6382.369
2017-08-02,FROZEN FOODS,6683.844
2017-08-03,FROZEN FOODS,5983.572004
2017-08-04,FROZEN FOODS,8313.880004
2017-08-05,FROZEN FOODS,10610.388004
2017-08-06,FROZEN FOODS,7775.089996
2017-08-07,FROZEN FOODS,5550.519996
2017-08-08,FROZEN FOODS,5463.0140010000005
2017-08-09,FROZEN FOODS,5798.881
2017-08-10,FROZEN FOODS,5998.15299
2017-08-11,FROZEN FOODS,9473.182999999999
2017-08-12,FROZEN FOODS,9077.454
2017-08-13,FROZEN FOODS,6476.55599
2017-08-14,FROZEN FOODS,5422.669
2017-08-15,FROZEN FOODS,5309.611004
2015-01-01,GROCERY I,3125.0
2015-01-02,GROCERY I,245045.337
2015-01-03,GROCERY I,242694.753
2015-01-04,GROCERY I,281467.988
2015-01-05,GROCERY I,225516.495
2015-01-06,GROCERY I,183796.494
2015-01-07,GROCERY I,190431.802
2015-01-08,GROCERY I,152895.354
2015-01-09,GROCERY I,154820.443
2015-01-10,GROCERY I,205914.659
2015-01-11,GROCERY I,256980.176
2015-01-12,GROCERY I,164664.589
2015-01-13,GROCERY I,146325.397
2015-01-14,GROCERY I,145297.135
2015-01-15,GROCERY I,133404.024
2015-01-16,GROCERY I,146869.574
2015-01-17,GROCERY I,228093.182
2015-01-18,GROCERY I,255311.337
2015-01-19,GROCERY I,170050.405
2015-01-20,GROCERY I,156110.283
2015-01-21,GROCERY I,156069.895
2015-01-22,GROCERY I,136775.237
2015-01-23,GROCERY I,151016.786
2015-01-24,GROCERY I,219027.085
2015-01-25,GROCERY I,235597.166
2015-01-26,GROCERY I,158602.944
2015-01-27,GROCERY I,137455.463
2015-01-28,GROCERY I,141831.882
2015-01-29,GROCERY I,128024.548
2015-01-30,GROCERY I,156411.67
2015-01-31,GROCERY I,248177.476
2015-02-01,GROCERY I,322209.277
2015-02-02,GROCERY I,216169.954
2015-02-03,GROCERY I,186747.715
2015-02-04,GROCERY I,176822.579
2015-02-05,GROCERY I,154557.487
2015-02-06,GROCERY I,157048.207
2015-02-07,GROCERY I,229188.483
2015-02-08,GROCERY I,244598.635
2015-02-09,GROCERY I,182590.533
2015-02-10,GROCERY I,156580.066
2015-02-11,GROCERY I,156498.351
2015-02-12,GROCERY I,148560.357
2015-02-13,GROCERY I,181270.135
2015-02-14,GROCERY I,207140.818
2015-02-15,GROCERY I,159705.413
2015-02-16,GROCERY I,152859.071
2015-02-17,GROCERY I,182242.01
2015-02-18,GROCERY I,193705.531
2015-02-19,GROCERY I,173733.524
2015-02-20,GROCERY I,181911.508
2015-02-21,GROCERY I,216911.094
2015-02-22,GROCERY I,266944.007
2015-02-23,GROCERY I,177592.818
2015-02-24,GROCERY I,160180.866
2015-02-25,GROCERY I,153616.62
2015-02-26,GROCERY I,134189.587
2015-02-27,GROCERY I,162848.152
2015-02-28,GROCERY I,248033.087
2015-03-01,GROCERY I,331389.762
2015-03-02,GROCERY I,219586.628
2015-03-03,GROCERY I,197658.689
2015-03-04,GROCERY I,191024.683
2015-03-05,GROCERY I,164628.436
2015-03-06,GROCERY I,170777.912
2015-03-07,GROCERY I,253244.349
2015-03-08,GROCERY I,259121.929
2015-03-09,GROCERY I,191069.84100000001
2015-03-10,GROCERY I,182950.254
2015-03-11,GROCERY I,165257.651
2015-03-12,GROCERY I,148104.89
2015-03-13,GROCERY I,160870.571
2015-03-14,GROCERY I,237031.183
2015-03-15,GROCERY I,261409.549
2015-03-16,GROCERY I,185988.03
2015-03-17,GROCERY I,168122.935
2015-03-18,GROCERY I,162192.898
2015-03-19,GROCERY I,146201.015
2015-03-20,GROCERY I,179741.725
2015-03-21,GROCERY I,242551.206
2015-03-22,GROCERY I,255240.134
2015-03-23,GROCERY I,185168.658
2015-03-24,GROCERY I,165856.095
2015-03-25,GROCERY I,162911.69
2015-03-26,GROCERY I,143132.866
2015-03-27,GROCERY I,162282.692
2015-03-28,GROCERY I,230076.009
2015-03-29,GROCERY I,260681.794
2015-03-30,GROCERY I,180880.057
2015-03-31,GROCERY I,184738.814
2015-04-01,GROCERY I,232847.405
2015-04-02,GROCERY I,211871.603
2015-04-03,GROCERY I,196734.626
2015-04-04,GROCERY I,256513.49300000002
2015-04-05,GROCERY I,263680.072
2015-04-06,GROCERY I,207987.493
2015-04-07,GROCERY I,181837.975
2015-04-08,GROCERY I,187419.366
2015-04-09,GROCERY I,151907.571
2015-04-10,GROCERY I,161005.293
2015-04-11,GROCERY I,228378.698
2015-04-12,GROCERY I,255796.74
2015-04-13,GROCERY I,175646.771
2015-04-14,GROCERY I,162207.786
2015-04-15,GROCERY I,173006.826
2015-04-16,GROCERY I,162993.238
2015-04-17,GROCERY I,169448.603
2015-04-18,GROCERY I,238763.281
2015-04-19,GROCERY I,267386.763
2015-04-20,GROCERY I,191003.335
2015-04-21,GROCERY I,168696.603
2015-04-22,GROCERY I,162872.983
2015-04-23,GROCERY I,148636.952
2015-04-24,GROCERY I,156742.763
2015-04-25,GROCERY I,220235.349
2015-04-26,GROCERY I,240327.143
2015-04-27,GROCERY I,163064.675
2015-04-28,GROCERY I,145976.658
2015-04-29,GROCERY I,149976.626
2015-04-30,GROCERY I,162435.039
2015-05-01,GROCERY I,259077.491
2015-05-02,GROCERY I,276902.81
2015-05-03,GROCERY I,297966.859
2015-05-04,GROCERY I,218378.546
2015-05-05,GROCERY I,198118.46
2015-05-06,GROCERY I,195910.238
2015-05-07,GROCERY I,165449.144
2015-05-08,GROCERY I,172985.113
2015-05-09,GROCERY I,259992.975
2015-05-10,GROCERY I,206724.41999999998
2015-05-11,GROCERY I,191499.08
2015-05-12,GROCERY I,165119.674
2015-05-13,GROCERY I,159743.46
2015-05-14,GROCERY I,139671.848
2015-05-15,GROCERY I,170752.936
2015-05-16,GROCERY I,255112.214
2015-05-17,GROCERY I,289395.68200000003
2015-05-18,GROCERY I,181312.817
2015-05-19,GROCERY I,162110.127
2015-05-20,GROCERY I,170327.635
2015-05-21,GROCERY I,150069.802
2015-05-22,GROCERY I,153411.168
2015-05-23,GROCERY I,234771.618
2015-05-24,GROCERY I,264318.525
2015-05-25,GROCERY I,174048.198
2015-05-26,GROCERY I,152932.952
2015-05-27,GROCERY I,155632.078
2015-05-28,GROCERY I,140115.033
2015-05-29,GROCERY I,180328.181
2015-05-30,GROCERY I,285812.716
2015-05-31,GROCERY I,345804.68200000003
2015-06-01,GROCERY I,240045.134
2015-06-02,GROCERY I,216953.905
2015-06-03,GROCERY I,200619.96
2015-06-04,GROCERY I,171731.817
2015-06-05,GROCERY I,177177.366
2015-06-06,GROCERY I,254754.738
2015-06-07,GROCERY I,299787.413
2015-06-08,GROCERY I,197175.062
2015-06-09,GROCERY I,172370.166
2015-06-10,GROCERY I,165412.586
2015-06-11,GROCERY I,137494.046
2015-06-12,GROCERY I,156527.644
2015-06-13,GROCERY I,227296.65899999999
2015-06-14,GROCERY I,262870.546
2015-06-15,GROCERY I,180145.231
2015-06-16,GROCERY I,183310.603
2015-06-17,GROCERY I,169991.914
2015-06-18,GROCERY I,148958.904
2015-06-19,GROCERY I,166846.158
2015-06-20,GROCERY I,247911.135
2015-06-21,GROCERY I,211947.96
2015-06-22,GROCERY I,192965.976
2015-06-23,GROCERY I,173364.278
2015-06-24,GROCERY I,163082.842
2015-06-25,GROCERY I,140169.208
2015-06-26,GROCERY I,152699.079
2015-06-27,GROCERY I,222791.096
2015-06-28,GROCERY I,262815.985
2015-06-29,GROCERY I,171486.523
2015-06-30,GROCERY I,186557.54
2015-07-01,GROCERY I,245410.095
2015-07-02,GROCERY I,204435.0
2015-07-03,GROCERY I,209391.215
2015-07-04,GROCERY I,291750.531
2015-07-05,GROCERY I,283927.351
2015-07-06,GROCERY I,223417.047
2015-07-07,GROCERY I,193016.525
2015-07-08,GROCERY I,196614.342
2015-07-09,GROCERY I,171146.667
2015-07-10,GROCERY I,174596.214
2015-07-11,GROCERY I,221858.944
2015-07-12,GROCERY I,251266.732
2015-07-13,GROCERY I,181603.563
2015-07-14,GROCERY I,164514.262
2015-07-15,GROCERY I,174237.801
2015-07-16,GROCERY I,165652.515
2015-07-17,GROCERY I,176525.57
2015-07-18,GROCERY I,231607.333
2015-07-19,GROCERY I,250653.532
2015-07-20,GROCERY I,195151.691
2015-07-21,GROCERY I,171116.69
2015-07-22,GROCERY I,166557.221
2015-07-23,GROCERY I,154131.57200000001
2015-07-24,GROCERY I,171010.769
2015-07-25,GROCERY I,219129.332
2015-07-26,GROCERY I,243256.484
2015-07-27,GROCERY I,183082.723
2015-07-28,GROCERY I,164466.755
2015-07-29,GROCERY I,162269.064
2015-07-30,GROCERY I,154272.318
2015-07-31,GROCERY I,198189.444
2015-08-01,GROCERY I,313286.902
2015-08-02,GROCERY I,310539.311
2015-08-03,GROCERY I,239833.199
2015-08-04,GROCERY I,210061.041
2015-08-05,GROCERY I,197778.866
2015-08-06,GROCERY I,169316.263
2015-08-07,GROCERY I,183246.191
2015-08-08,GROCERY I,222473.985
2015-08-09,GROCERY I,196120.485
2015-08-10,GROCERY I,225163.404
2015-08-11,GROCERY I,190475.889
2015-08-12,GROCERY I,178916.517
2015-08-13,GROCERY I,158137.523
2015-08-14,GROCERY I,214621.183
2015-08-15,GROCERY I,280491.477
2015-08-16,GROCERY I,266657.285
2015-08-17,GROCERY I,205150.612
2015-08-18,GROCERY I,181016.014
2015-08-19,GROCERY I,178550.626
2015-08-20,GROCERY I,164488.009
2015-08-21,GROCERY I,178782.938
2015-08-22,GROCERY I,223473.238
2015-08-23,GROCERY I,243960.112
2015-08-24,GROCERY I,193495.072
2015-08-25,GROCERY I,177455.627
2015-08-26,GROCERY I,169356.366
2015-08-27,GROCERY I,158149.191
2015-08-28,GROCERY I,170362.516
2015-08-29,GROCERY I,247850.507
2015-08-30,GROCERY I,278712.112
2015-08-31,GROCERY I,230275.514
2015-09-01,GROCERY I,270499.49
2015-09-02,GROCERY I,245231.05
2015-09-03,GROCERY I,210494.676
2015-09-04,GROCERY I,205591.187
2015-09-05,GROCERY I,300484.444
2015-09-06,GROCERY I,329609.528
2015-09-07,GROCERY I,219561.581
2015-09-08,GROCERY I,191848.293
2015-09-09,GROCERY I,188220.482
2015-09-10,GROCERY I,162423.037
2015-09-11,GROCERY I,172460.212
2015-09-12,GROCERY I,254393.549
2015-09-13,GROCERY I,281443.496
2015-09-14,GROCERY I,190499.348
2015-09-15,GROCERY I,190057.826
2015-09-16,GROCERY I,195725.615
2015-09-17,GROCERY I,167466.165
2015-09-18,GROCERY I,175242.737
2015-09-19,GROCERY I,262012.87900000002
2015-09-20,GROCERY I,286247.781
2015-09-21,GROCERY I,203434.068
2015-09-22,GROCERY I,177503.527
2015-09-23,GROCERY I,179647.413
2015-09-24,GROCERY I,154976.789
2015-09-25,GROCERY I,169884.701
2015-09-26,GROCERY I,240802.707
2015-09-27,GROCERY I,274214.751
2015-09-28,GROCERY I,180110.13
2015-09-29,GROCERY I,163210.316
2015-09-30,GROCERY I,189052.631
2015-10-01,GROCERY I,248701.812
2015-10-02,GROCERY I,245153.329
2015-10-03,GROCERY I,360545.262
2015-10-04,GROCERY I,377564.83400000003
2015-10-05,GROCERY I,248414.7
2015-10-06,GROCERY I,207081.421
2015-10-07,GROCERY I,200058.988
2015-10-08,GROCERY I,177734.963
2015-10-09,GROCERY I,252358.647
2015-10-10,GROCERY I,253686.158
2015-10-11,GROCERY I,287912.85
2015-10-12,GROCERY I,205507.766
2015-10-13,GROCERY I,166596.174
2015-10-14,GROCERY I,188272.939
2015-10-15,GROCERY I,170174.248
2015-10-16,GROCERY I,195648.954
2015-10-17,GROCERY I,280530.377
2015-10-18,GROCERY I,312644.61699999997
2015-10-19,GROCERY I,203594.256
2015-10-20,GROCERY I,191511.262
2015-10-21,GROCERY I,179785.03
2015-10-22,GROCERY I,162364.692
2015-10-23,GROCERY I,177102.068
2015-10-24,GROCERY I,244223.171
2015-10-25,GROCERY I,292532.473
2015-10-26,GROCERY I,187140.097
2015-10-27,GROCERY I,181811.45
2015-10-28,GROCERY I,163936.873
2015-10-29,GROCERY I,155256.371
2015-10-30,GROCERY I,184025.813
2015-10-31,GROCERY I,283224.663
2015-11-01,GROCERY I,256824.33
2015-11-02,GROCERY I,232887.607
2015-11-03,GROCERY I,312993.707
2015-11-04,GROCERY I,243346.024
2015-11-05,GROCERY I,193999.069
2015-11-06,GROCERY I,192626.271
2015-11-07,GROCERY I,285216.557
2015-11-08,GROCERY I,322893.759
2015-11-09,GROCERY I,203194.57
2015-11-10,GROCERY I,180978.383
2015-11-11,GROCERY I,204942.683
2015-11-12,GROCERY I,146715.346
2015-11-13,GROCERY I,173780.904
2015-11-14,GROCERY I,250551.654
2015-11-15,GROCERY I,308839.368
2015-11-16,GROCERY I,209877.564
2015-11-17,GROCERY I,181719.796
2015-11-18,GROCERY I,187024.692
2015-11-19,GROCERY I,166160.78399999999
2015-11-20,GROCERY I,188848.715
2015-11-21,GROCERY I,248790.57200000001
2015-11-22,GROCERY I,293519.172
2015-11-23,GROCERY I,212547.451
2015-11-24,GROCERY I,176703.127
2015-11-25,GROCERY I,177450.623
2015-11-26,GROCERY I,153487.728
2015-11-27,GROCERY I,187519.365
2015-11-28,GROCERY I,247041.302
2015-11-29,GROCERY I,313506.061
2015-11-30,GROCERY I,233626.427
2015-12-01,GROCERY I,272375.783
2015-12-02,GROCERY I,265057.075
2015-12-03,GROCERY I,213517.332
2015-12-04,GROCERY I,243074.58000000002
2015-12-05,GROCERY I,293218.406
2015-12-06,GROCERY I,344198.986
2015-12-07,GROCERY I,266322.762
2015-12-08,GROCERY I,218271.373
2015-12-09,GROCERY I,216034.13
2015-12-10,GROCERY I,228638.516
2015-12-11,GROCERY I,210971.007
2015-12-12,GROCERY I,277815.188
2015-12-13,GROCERY I,327242.042
2015-12-14,GROCERY I,280831.388
2015-12-15,GROCERY I,247077.766
2015-12-16,GROCERY I,267490.004
2015-12-17,GROCERY I,280533.962
2015-12-18,GROCERY I,308668.201
2015-12-19,GROCERY I,331152.939
2015-12-20,GROCERY I,361094.281
2015-12-21,GROCERY I,337289.325
2015-12-22,GROCERY I,362154.403
2015-12-23,GROCERY I,367851.184
2015-12-24,GROCERY I,341425.748
2015-12-26,GROCERY I,268798.225
2015-12-27,GROCERY I,237820.279
2015-12-28,GROCERY I,223897.335
2015-12-29,GROCERY I,239270.182
2015-12-30,GROCERY I,273100.393
2015-12-31,GROCERY I,249215.56
2016-01-01,GROCERY I,3247.0
2016-01-02,GROCERY I,309417.194
2016-01-03,GROCERY I,347681.912
2016-01-04,GROCERY I,272978.806
2016-01-05,GROCERY I,234212.722
2016-01-06,GROCERY I,220632.777
2016-01-07,GROCERY I,183343.476
2016-01-08,GROCERY I,194604.367
2016-01-09,GROCERY I,277982.051
2016-01-10,GROCERY I,310926.818
2016-01-11,GROCERY I,201072.649
2016-01-12,GROCERY I,181032.288
2016-01-13,GROCERY I,174299.275
2016-01-14,GROCERY I,156517.984
2016-01-15,GROCERY I,179900.482
2016-01-16,GROCERY I,262108.866
2016-01-17,GROCERY I,296780.623
2016-01-18,GROCERY I,199216.618
2016-01-19,GROCERY I,176148.616
2016-01-20,GROCERY I,202818.498
2016-01-21,GROCERY I,154029.367
2016-01-22,GROCERY I,171250.134
2016-01-23,GROCERY I,250648.18099999998
2016-01-24,GROCERY I,269822.866
2016-01-25,GROCERY I,183926.533
2016-01-26,GROCERY I,167851.858
2016-01-27,GROCERY I,167202.089
2016-01-28,GROCERY I,147342.729
2016-01-29,GROCERY I,182896.50400000002
2016-01-30,GROCERY I,282682.646
2016-01-31,GROCERY I,316827.105
2016-02-01,GROCERY I,262715.744
2016-02-02,GROCERY I,226869.889
2016-02-03,GROCERY I,218438.255
2016-02-04,GROCERY I,189314.288
2016-02-05,GROCERY I,212188.512
2016-02-06,GROCERY I,270244.338
2016-02-07,GROCERY I,196975.541
2016-02-08,GROCERY I,179694.609
2016-02-09,GROCERY I,213773.579
2016-02-10,GROCERY I,221570.756
2016-02-11,GROCERY I,194112.377
2016-02-12,GROCERY I,203111.89
2016-02-13,GROCERY I,253712.534
2016-02-14,GROCERY I,274389.572
2016-02-15,GROCERY I,216906.481
2016-02-16,GROCERY I,208609.541
2016-02-17,GROCERY I,197609.707
2016-02-18,GROCERY I,164390.699
2016-02-19,GROCERY I,184538.157
2016-02-20,GROCERY I,251560.286
2016-02-21,GROCERY I,284126.734
2016-02-22,GROCERY I,204008.43
2016-02-23,GROCERY I,186082.85
2016-02-24,GROCERY I,182948.03
2016-02-25,GROCERY I,162385.525
2016-02-26,GROCERY I,175730.956
2016-02-27,GROCERY I,262987.933
2016-02-28,GROCERY I,288013.308
2016-02-29,GROCERY I,215583.564
2016-03-01,GROCERY I,281908.06
2016-03-02,GROCERY I,261201.044
2016-03-03,GROCERY I,210149.586
2016-03-04,GROCERY I,217479.873
2016-03-05,GROCERY I,310035.22
2016-03-06,GROCERY I,321403.911
2016-03-07,GROCERY I,227335.73
2016-03-08,GROCERY I,191799.819
2016-03-09,GROCERY I,189025.518
2016-03-10,GROCERY I,170078.721
2016-03-11,GROCERY I,185561.196
2016-03-12,GROCERY I,260840.698
2016-03-13,GROCERY I,277080.813
2016-03-14,GROCERY I,195250.187
2016-03-15,GROCERY I,194401.932
2016-03-16,GROCERY I,203217.46
2016-03-17,GROCERY I,171098.721
2016-03-18,GROCERY I,186072.919
2016-03-19,GROCERY I,258009.331
2016-03-20,GROCERY I,268138.842
2016-03-21,GROCERY I,205495.301
2016-03-22,GROCERY I,180395.586
2016-03-23,GROCERY I,201357.405
2016-03-24,GROCERY I,193502.016
2016-03-25,GROCERY I,175260.391
2016-03-26,GROCERY I,228098.999
2016-03-27,GROCERY I,236363.068
2016-03-28,GROCERY I,187080.173
2016-03-29,GROCERY I,170623.586
2016-03-30,GROCERY I,177508.797
2016-03-31,GROCERY I,181818.285
2016-04-01,GROCERY I,264279.91599999997
2016-04-02,GROCERY I,359878.225
2016-04-03,GROCERY I,392994.414
2016-04-04,GROCERY I,247443.082
2016-04-05,GROCERY I,220949.001
2016-04-06,GROCERY I,215699.211
2016-04-07,GROCERY I,175785.098
2016-04-08,GROCERY I,192404.955
2016-04-09,GROCERY I,274315.641
2016-04-10,GROCERY I,297001.111
2016-04-11,GROCERY I,196110.698
2016-04-12,GROCERY I,194133.805
2016-04-13,GROCERY I,187170.338
2016-04-14,GROCERY I,160391.858
2016-04-15,GROCERY I,190298.324
2016-04-16,GROCERY I,255095.579
2016-04-17,GROCERY I,456372.94
2016-04-18,GROCERY I,583222.48
2016-04-19,GROCERY I,432782.685
2016-04-20,GROCERY I,368663.09
2016-04-21,GROCERY I,438060.072
2016-04-22,GROCERY I,296335.113
2016-04-23,GROCERY I,326432.713
2016-04-24,GROCERY I,320549.743
2016-04-25,GROCERY I,208363.828
2016-04-26,GROCERY I,255922.632
2016-04-27,GROCERY I,185792.421
2016-04-28,GROCERY I,168068.753
2016-04-29,GROCERY I,209276.783
2016-04-30,GROCERY I,334747.624
2016-05-01,GROCERY I,396734.931
2016-05-02,GROCERY I,388655.729
2016-05-03,GROCERY I,245255.931
2016-05-04,GROCERY I,231889.406
2016-05-05,GROCERY I,201917.065
2016-05-06,GROCERY I,217377.828
2016-05-07,GROCERY I,314144.969
2016-05-08,GROCERY I,241711.586
2016-05-09,GROCERY I,231751.797
2016-05-10,GROCERY I,201814.354
2016-05-11,GROCERY I,200429.819
2016-05-12,GROCERY I,188538.423
2016-05-13,GROCERY I,186155.955
2016-05-14,GROCERY I,273155.955
2016-05-15,GROCERY I,309885.173
2016-05-16,GROCERY I,216245.122
2016-05-17,GROCERY I,191060.73
2016-05-18,GROCERY I,182586.488
2016-05-19,GROCERY I,170046.0
2016-05-20,GROCERY I,203102.519
2016-05-21,GROCERY I,265413.271
2016-05-22,GROCERY I,297504.473
2016-05-23,GROCERY I,204000.526
2016-05-24,GROCERY I,176731.294
2016-05-25,GROCERY I,176417.564
2016-05-26,GROCERY I,169389.625
2016-05-27,GROCERY I,250266.487
2016-05-28,GROCERY I,248640.541
2016-05-29,GROCERY I,292585.044
2016-05-30,GROCERY I,233479.228
2016-05-31,GROCERY I,322106.164
2016-06-01,GROCERY I,250838.519
2016-06-02,GROCERY I,220441.886
2016-06-03,GROCERY I,227693.214
2016-06-04,GROCERY I,320767.826
2016-06-05,GROCERY I,350095.984
2016-06-06,GROCERY I,229653.638
2016-06-07,GROCERY I,200907.81
2016-06-08,GROCERY I,202898.856
2016-06-09,GROCERY I,168121.474
2016-06-10,GROCERY I,187708.535
2016-06-11,GROCERY I,254645.421
2016-06-12,GROCERY I,281858.083
2016-06-13,GROCERY I,208204.918
2016-06-14,GROCERY I,181913.841
2016-06-15,GROCERY I,199789.947
2016-06-16,GROCERY I,190493.984
2016-06-17,GROCERY I,228070.904
2016-06-18,GROCERY I,285047.428
2016-06-19,GROCERY I,241542.497
2016-06-20,GROCERY I,221944.314
2016-06-21,GROCERY I,195091.857
2016-06-22,GROCERY I,187238.685
2016-06-23,GROCERY I,166914.986
2016-06-24,GROCERY I,182702.723
2016-06-25,GROCERY I,247566.968
2016-06-26,GROCERY I,277241.879
2016-06-27,GROCERY I,215076.61
2016-06-28,GROCERY I,171104.94
2016-06-29,GROCERY I,171586.91
2016-06-30,GROCERY I,163818.167
2016-07-01,GROCERY I,255760.699
2016-07-02,GROCERY I,334946.369
2016-07-03,GROCERY I,344155.743
2016-07-04,GROCERY I,282466.988
2016-07-05,GROCERY I,221474.81
2016-07-06,GROCERY I,216890.038
2016-07-07,GROCERY I,179363.573
2016-07-08,GROCERY I,195270.97
2016-07-09,GROCERY I,254903.075
2016-07-10,GROCERY I,272714.89400000003
2016-07-11,GROCERY I,201102.414
2016-07-12,GROCERY I,181702.174
2016-07-13,GROCERY I,173891.151
2016-07-14,GROCERY I,159965.624
2016-07-15,GROCERY I,191860.969
2016-07-16,GROCERY I,262718.623
2016-07-17,GROCERY I,276929.481
2016-07-18,GROCERY I,209950.384
2016-07-19,GROCERY I,186922.796
2016-07-20,GROCERY I,196880.731
2016-07-21,GROCERY I,182387.153
2016-07-22,GROCERY I,184784.031
2016-07-23,GROCERY I,242640.796
2016-07-24,GROCERY I,249064.656
2016-07-25,GROCERY I,206929.182
2016-07-26,GROCERY I,186028.707
2016-07-27,GROCERY I,179774.338
2016-07-28,GROCERY I,156665.984
2016-07-29,GROCERY I,195220.548
2016-07-30,GROCERY I,279494.549
2016-07-31,GROCERY I,307874.225
2016-08-01,GROCERY I,287706.632
2016-08-02,GROCERY I,246720.513
2016-08-03,GROCERY I,234551.91700000002
2016-08-04,GROCERY I,191749.616
2016-08-05,GROCERY I,200934.495
2016-08-06,GROCERY I,256030.195
2016-08-07,GROCERY I,267916.902
2016-08-08,GROCERY I,212254.549
2016-08-09,GROCERY I,183625.143
2016-08-10,GROCERY I,183366.316
2016-08-11,GROCERY I,174516.511
2016-08-12,GROCERY I,211558.782
2016-08-13,GROCERY I,204230.113
2016-08-14,GROCERY I,217862.006
2016-08-15,GROCERY I,209894.309
2016-08-16,GROCERY I,214910.844
2016-08-17,GROCERY I,200585.429
2016-08-18,GROCERY I,169873.133
2016-08-19,GROCERY I,189593.805
2016-08-20,GROCERY I,238124.092
2016-08-21,GROCERY I,256910.234
2016-08-22,GROCERY I,208539.744
2016-08-23,GROCERY I,189743.45
2016-08-24,GROCERY I,183629.338
2016-08-25,GROCERY I,160226.12900000002
2016-08-26,GROCERY I,177844.789
2016-08-27,GROCERY I,226705.497
2016-08-28,GROCERY I,243416.113
2016-08-29,GROCERY I,193011.781
2016-08-30,GROCERY I,178158.766
2016-08-31,GROCERY I,209312.586
2016-09-01,GROCERY I,224855.405
2016-09-02,GROCERY I,246898.196
2016-09-03,GROCERY I,319453.549
2016-09-04,GROCERY I,331800.452
2016-09-05,GROCERY I,244673.66
2016-09-06,GROCERY I,221549.465
2016-09-07,GROCERY I,206077.526
2016-09-08,GROCERY I,176583.137
2016-09-09,GROCERY I,184969.668
2016-09-10,GROCERY I,266900.669
2016-09-11,GROCERY I,297666.174
2016-09-12,GROCERY I,198351.158
2016-09-13,GROCERY I,175934.812
2016-09-14,GROCERY I,170787.774
2016-09-15,GROCERY I,168851.383
2016-09-16,GROCERY I,193851.791
2016-09-17,GROCERY I,262554.474
2016-09-18,GROCERY I,298820.0
2016-09-19,GROCERY I,201940.015
2016-09-20,GROCERY I,189259.548
2016-09-21,GROCERY I,183985.564
2016-09-22,GROCERY I,157583.834
2016-09-23,GROCERY I,185657.64
2016-09-24,GROCERY I,250405.729
2016-09-25,GROCERY I,273407.067
2016-09-26,GROCERY I,195676.136
2016-09-27,GROCERY I,171192.631
2016-09-28,GROCERY I,171837.571
2016-09-29,GROCERY I,153914.398
2016-09-30,GROCERY I,204209.586
2016-10-01,GROCERY I,376487.399
2016-10-02,GROCERY I,392774.819
2016-10-03,GROCERY I,259260.663
2016-10-04,GROCERY I,227062.232
2016-10-05,GROCERY I,220673.751
2016-10-06,GROCERY I,179258.097
2016-10-07,GROCERY I,207228.722
2016-10-08,GROCERY I,283341.173
2016-10-09,GROCERY I,328798.61
2016-10-10,GROCERY I,218986.451
2016-10-11,GROCERY I,184607.781
2016-10-12,GROCERY I,184546.728
2016-10-13,GROCERY I,165917.54
2016-10-14,GROCERY I,187897.631
2016-10-15,GROCERY I,267296.737
2016-10-16,GROCERY I,328004.322
2016-10-17,GROCERY I,211547.87
2016-10-18,GROCERY I,188088.864
2016-10-19,GROCERY I,180780.167
2016-10-20,GROCERY I,172086.821
2016-10-21,GROCERY I,184723.541
2016-10-22,GROCERY I,248149.917
2016-10-23,GROCERY I,299180.504
2016-10-24,GROCERY I,198551.225
2016-10-25,GROCERY I,178507.736
2016-10-26,GROCERY I,170707.0
2016-10-27,GROCERY I,161035.113
2016-10-28,GROCERY I,180171.818
2016-10-29,GROCERY I,248688.609
2016-10-30,GROCERY I,282533.016
2016-10-31,GROCERY I,199818.887
2016-11-01,GROCERY I,252354.113
2016-11-02,GROCERY I,294122.549
2016-11-03,GROCERY I,245076.593
2016-11-04,GROCERY I,256548.526
2016-11-05,GROCERY I,275166.218
2016-11-06,GROCERY I,351095.489
2016-11-07,GROCERY I,250798.331
2016-11-08,GROCERY I,226945.098
2016-11-09,GROCERY I,224668.166
2016-11-10,GROCERY I,176812.224
2016-11-11,GROCERY I,205336.269
2016-11-12,GROCERY I,276217.866
2016-11-13,GROCERY I,345032.878
2016-11-14,GROCERY I,219897.376
2016-11-15,GROCERY I,202823.317
2016-11-16,GROCERY I,235505.27
2016-11-17,GROCERY I,189332.719
2016-11-18,GROCERY I,218481.841
2016-11-19,GROCERY I,281438.088
2016-11-20,GROCERY I,334426.044
2016-11-21,GROCERY I,231283.925
2016-11-22,GROCERY I,208830.983
2016-11-23,GROCERY I,214367.837
2016-11-24,GROCERY I,181074.162
2016-11-25,GROCERY I,211344.729
2016-11-26,GROCERY I,267974.986
2016-11-27,GROCERY I,308257.897
2016-11-28,GROCERY I,222589.643
2016-11-29,GROCERY I,193324.333
2016-11-30,GROCERY I,221747.168
2016-12-01,GROCERY I,289689.792
2016-12-02,GROCERY I,263266.533
2016-12-03,GROCERY I,354348.142
2016-12-04,GROCERY I,398378.733
2016-12-05,GROCERY I,307665.714
2016-12-06,GROCERY I,291190.488
2016-12-07,GROCERY I,266602.07
2016-12-08,GROCERY I,222288.266
2016-12-09,GROCERY I,235245.91
2016-12-10,GROCERY I,288835.971
2016-12-11,GROCERY I,350255.704
2016-12-12,GROCERY I,301380.004
2016-12-13,GROCERY I,248243.757
2016-12-14,GROCERY I,267589.502
2016-12-15,GROCERY I,255609.61800000002
2016-12-16,GROCERY I,302208.024
2016-12-17,GROCERY I,340408.274
2016-12-18,GROCERY I,401211.913
2016-12-19,GROCERY I,351702.981
2016-12-20,GROCERY I,384623.784
2016-12-21,GROCERY I,387603.442
2016-12-22,GROCERY I,400889.065
2016-12-23,GROCERY I,425386.443
2016-12-24,GROCERY I,413170.207
2016-12-26,GROCERY I,309767.773
2016-12-27,GROCERY I,242792.095
2016-12-28,GROCERY I,265759.513
2016-12-29,GROCERY I,257006.744
2016-12-30,GROCERY I,329599.654
2016-12-31,GROCERY I,302232.811
2017-01-01,GROCERY I,1998.0
2017-01-02,GROCERY I,415182.95
2017-01-03,GROCERY I,321085.262
2017-01-04,GROCERY I,274170.59500000003
2017-01-05,GROCERY I,226863.181
2017-01-06,GROCERY I,235068.611
2017-01-07,GROCERY I,320763.751
2017-01-08,GROCERY I,339817.859
2017-01-09,GROCERY I,226842.223
2017-01-10,GROCERY I,205076.937
2017-01-11,GROCERY I,205405.492
2017-01-12,GROCERY I,179500.37099999998
2017-01-13,GROCERY I,209872.858
2017-01-14,GROCERY I,288095.323
2017-01-15,GROCERY I,329467.396
2017-01-16,GROCERY I,232165.605
2017-01-17,GROCERY I,206967.7
2017-01-18,GROCERY I,206805.163
2017-01-19,GROCERY I,171175.212
2017-01-20,GROCERY I,198853.649
2017-01-21,GROCERY I,305018.808
2017-01-22,GROCERY I,312620.555
2017-01-23,GROCERY I,228583.123
2017-01-24,GROCERY I,202106.376
2017-01-25,GROCERY I,199000.605
2017-01-26,GROCERY I,165307.223
2017-01-27,GROCERY I,197385.774
2017-01-28,GROCERY I,281685.01
2017-01-29,GROCERY I,305678.012
2017-01-30,GROCERY I,200919.49
2017-01-31,GROCERY I,226270.58
2017-02-01,GROCERY I,275177.113
2017-02-02,GROCERY I,232517.241
2017-02-03,GROCERY I,245091.774
2017-02-04,GROCERY I,343967.653
2017-02-05,GROCERY I,342708.874
2017-02-06,GROCERY I,236867.255
2017-02-07,GROCERY I,216520.006
2017-02-08,GROCERY I,213844.332
2017-02-09,GROCERY I,186073.662
2017-02-10,GROCERY I,206531.308
2017-02-11,GROCERY I,269201.309
2017-02-12,GROCERY I,307274.383
2017-02-13,GROCERY I,241771.932
2017-02-14,GROCERY I,191858.428
2017-02-15,GROCERY I,200588.27
2017-02-16,GROCERY I,193857.796
2017-02-17,GROCERY I,217764.076
2017-02-18,GROCERY I,313204.68200000003
2017-02-19,GROCERY I,243177.648
2017-02-20,GROCERY I,225840.753
2017-02-21,GROCERY I,208361.029
2017-02-22,GROCERY I,209516.849
2017-02-23,GROCERY I,201323.924
2017-02-24,GROCERY I,233815.187
2017-02-25,GROCERY I,305460.836
2017-02-26,GROCERY I,221940.676
2017-02-27,GROCERY I,215098.977
2017-02-28,GROCERY I,275016.397
2017-03-01,GROCERY I,295126.952
2017-03-02,GROCERY I,259788.339
2017-03-03,GROCERY I,264090.104
2017-03-04,GROCERY I,348517.99199999997
2017-03-05,GROCERY I,372100.339
2017-03-06,GROCERY I,252379.543
2017-03-07,GROCERY I,240369.361
2017-03-08,GROCERY I,242247.203
2017-03-09,GROCERY I,193059.978
2017-03-10,GROCERY I,215667.053
2017-03-11,GROCERY I,289700.863
2017-03-12,GROCERY I,328098.714
2017-03-13,GROCERY I,217528.88
2017-03-14,GROCERY I,198212.856
2017-03-15,GROCERY I,226180.308
2017-03-16,GROCERY I,209162.458
2017-03-17,GROCERY I,227644.344
2017-03-18,GROCERY I,299913.532
2017-03-19,GROCERY I,328556.893
2017-03-20,GROCERY I,241522.93
2017-03-21,GROCERY I,211813.445
2017-03-22,GROCERY I,210061.511
2017-03-23,GROCERY I,214049.286
2017-03-24,GROCERY I,229219.616
2017-03-25,GROCERY I,303456.489
2017-03-26,GROCERY I,318392.578
2017-03-27,GROCERY I,232377.549
2017-03-28,GROCERY I,208732.716
2017-03-29,GROCERY I,238416.338
2017-03-30,GROCERY I,199325.174
2017-03-31,GROCERY I,271958.43
2017-04-01,GROCERY I,474003.906
2017-04-02,GROCERY I,380816.88
2017-04-03,GROCERY I,269080.837
2017-04-04,GROCERY I,264689.049
2017-04-05,GROCERY I,247860.95799999998
2017-04-06,GROCERY I,214907.11000000002
2017-04-07,GROCERY I,225595.598
2017-04-08,GROCERY I,308170.625
2017-04-09,GROCERY I,338844.119
2017-04-10,GROCERY I,227312.148
2017-04-11,GROCERY I,239881.428
2017-04-12,GROCERY I,249778.37099999998
2017-04-13,GROCERY I,224628.894
2017-04-14,GROCERY I,218652.376
2017-04-15,GROCERY I,269564.397
2017-04-16,GROCERY I,295452.592
2017-04-17,GROCERY I,231756.22
2017-04-18,GROCERY I,208816.366
2017-04-19,GROCERY I,206401.619
2017-04-20,GROCERY I,206543.467
2017-04-21,GROCERY I,225577.685
2017-04-22,GROCERY I,282475.805
2017-04-23,GROCERY I,329521.778
2017-04-24,GROCERY I,222334.133
2017-04-25,GROCERY I,208465.077
2017-04-26,GROCERY I,209080.768
2017-04-27,GROCERY I,180000.938
2017-04-28,GROCERY I,224719.261
2017-04-29,GROCERY I,318911.93
2017-04-30,GROCERY I,309323.864
2017-05-01,GROCERY I,400850.63300000003
2017-05-02,GROCERY I,269057.78
2017-05-03,GROCERY I,276532.7
2017-05-04,GROCERY I,222406.434
2017-05-05,GROCERY I,229544.417
2017-05-06,GROCERY I,318692.98
2017-05-07,GROCERY I,376379.473
2017-05-08,GROCERY I,236850.469
2017-05-09,GROCERY I,217042.416
2017-05-10,GROCERY I,218644.624
2017-05-11,GROCERY I,199971.162
2017-05-12,GROCERY I,224118.241
2017-05-13,GROCERY I,332853.784
2017-05-14,GROCERY I,263932.462
2017-05-15,GROCERY I,249391.748
2017-05-16,GROCERY I,241186.132
2017-05-17,GROCERY I,242271.766
2017-05-18,GROCERY I,189992.941
2017-05-19,GROCERY I,225889.53
2017-05-20,GROCERY I,314630.342
2017-05-21,GROCERY I,349106.17
2017-05-22,GROCERY I,235352.441
2017-05-23,GROCERY I,216349.816
2017-05-24,GROCERY I,207528.358
2017-05-25,GROCERY I,184282.369
2017-05-26,GROCERY I,284289.827
2017-05-27,GROCERY I,280306.776
2017-05-28,GROCERY I,313695.155
2017-05-29,GROCERY I,233553.12
2017-05-30,GROCERY I,231107.946
2017-05-31,GROCERY I,258090.75
2017-06-01,GROCERY I,244432.37900000002
2017-06-02,GROCERY I,269708.907
2017-06-03,GROCERY I,366851.135
2017-06-04,GROCERY I,420484.196
2017-06-05,GROCERY I,287651.913
2017-06-06,GROCERY I,247529.789
2017-06-07,GROCERY I,244550.415
2017-06-08,GROCERY I,209010.648
2017-06-09,GROCERY I,230238.391
2017-06-10,GROCERY I,296191.212
2017-06-11,GROCERY I,359159.341
2017-06-12,GROCERY I,231623.812
2017-06-13,GROCERY I,225098.796
2017-06-14,GROCERY I,231383.757
2017-06-15,GROCERY I,199755.29
2017-06-16,GROCERY I,236330.623
2017-06-17,GROCERY I,320835.094
2017-06-18,GROCERY I,278084.93
2017-06-19,GROCERY I,236571.109
2017-06-20,GROCERY I,234485.237
2017-06-21,GROCERY I,216428.204
2017-06-22,GROCERY I,182687.088
2017-06-23,GROCERY I,212785.126
2017-06-24,GROCERY I,282434.723
2017-06-25,GROCERY I,317588.572
2017-06-26,GROCERY I,220335.828
2017-06-27,GROCERY I,198345.961
2017-06-28,GROCERY I,198716.759
2017-06-29,GROCERY I,190098.64
2017-06-30,GROCERY I,228539.867
2017-07-01,GROCERY I,375440.305
2017-07-02,GROCERY I,398356.868
2017-07-03,GROCERY I,288954.266
2017-07-04,GROCERY I,257414.024
2017-07-05,GROCERY I,243726.892
2017-07-06,GROCERY I,207284.273
2017-07-07,GROCERY I,223152.148
2017-07-08,GROCERY I,289414.594
2017-07-09,GROCERY I,316177.751
2017-07-10,GROCERY I,235318.508
2017-07-11,GROCERY I,208359.298
2017-07-12,GROCERY I,203237.328
2017-07-13,GROCERY I,182709.476
2017-07-14,GROCERY I,209990.75
2017-07-15,GROCERY I,276323.261
2017-07-16,GROCERY I,309084.549
2017-07-17,GROCERY I,241417.015
2017-07-18,GROCERY I,211924.156
2017-07-19,GROCERY I,218927.014
2017-07-20,GROCERY I,202736.576
2017-07-21,GROCERY I,217576.952
2017-07-22,GROCERY I,269126.244
2017-07-23,GROCERY I,297691.697
2017-07-24,GROCERY I,240691.265
2017-07-25,GROCERY I,210986.016
2017-07-26,GROCERY I,205754.648
2017-07-27,GROCERY I,196079.18
2017-07-28,GROCERY I,233685.813
2017-07-29,GROCERY I,303657.532
2017-07-30,GROCERY I,328519.734
2017-07-31,GROCERY I,270215.666
2017-08-01,GROCERY I,301453.49199999997
2017-08-02,GROCERY I,281631.338
2017-08-03,GROCERY I,227658.804
2017-08-04,GROCERY I,244474.234
2017-08-05,GROCERY I,292312.398
2017-08-06,GROCERY I,314408.414
2017-08-07,GROCERY I,244548.234
2017-08-08,GROCERY I,213902.289
2017-08-09,GROCERY I,210097.703
2017-08-10,GROCERY I,194854.086
2017-08-11,GROCERY I,238221.922
2017-08-12,GROCERY I,238627.633
2017-08-13,GROCERY I,258442.452
2017-08-14,GROCERY I,225355.694
2017-08-15,GROCERY I,224208.125
2015-01-01,PRODUCE,105.0
2015-01-02,PRODUCE,756.0
2015-01-03,PRODUCE,595.0
2015-01-04,PRODUCE,272.0
2015-01-05,PRODUCE,72.0
2015-01-06,PRODUCE,62.0
2015-01-07,PRODUCE,92.0
2015-01-08,PRODUCE,142.0
2015-01-09,PRODUCE,340.0
2015-01-10,PRODUCE,622.0
2015-01-11,PRODUCE,407.0
2015-01-12,PRODUCE,60.0
2015-01-13,PRODUCE,51.0
2015-01-14,PRODUCE,90.0
2015-01-15,PRODUCE,129.0
2015-01-16,PRODUCE,313.0
2015-01-17,PRODUCE,576.0
2015-01-18,PRODUCE,307.0
2015-01-19,PRODUCE,44.0
2015-01-20,PRODUCE,56.0
2015-01-21,PRODUCE,81.0
2015-01-22,PRODUCE,105.0
2015-01-23,PRODUCE,269.0
2015-01-24,PRODUCE,548.0
2015-01-25,PRODUCE,308.0
2015-01-26,PRODUCE,45.0
2015-01-27,PRODUCE,78.0
2015-01-28,PRODUCE,67.0
2015-01-29,PRODUCE,95.0
2015-01-30,PRODUCE,311.0
2015-01-31,PRODUCE,556.0
2015-02-01,PRODUCE,342.0
2015-02-02,PRODUCE,64.0
2015-02-03,PRODUCE,60.0
2015-02-04,PRODUCE,68.0
2015-02-05,PRODUCE,112.0
2015-02-06,PRODUCE,320.0
2015-02-07,PRODUCE,591.0
2015-02-08,PRODUCE,307.0
2015-02-09,PRODUCE,57.0
2015-02-10,PRODUCE,82.0
2015-02-11,PRODUCE,114.0
2015-02-12,PRODUCE,178.0
2015-02-13,PRODUCE,447.0
2015-02-14,PRODUCE,917.0
2015-02-15,PRODUCE,732.0
2015-02-16,PRODUCE,732.0
2015-02-17,PRODUCE,418.0
2015-02-18,PRODUCE,67.0
2015-02-19,PRODUCE,102.0
2015-02-20,PRODUCE,230.0
2015-02-21,PRODUCE,498.0
2015-02-22,PRODUCE,338.0
2015-02-23,PRODUCE,45.0
2015-02-24,PRODUCE,73.0
2015-02-25,PRODUCE,52.0
2015-02-26,PRODUCE,109.0
2015-02-27,PRODUCE,280.0
2015-02-28,PRODUCE,572.0
2015-03-01,PRODUCE,385.0
2015-03-02,PRODUCE,49.0
2015-03-03,PRODUCE,82.0
2015-03-04,PRODUCE,97.0
2015-03-05,PRODUCE,106.0
2015-03-06,PRODUCE,340.0
2015-03-07,PRODUCE,696.0
2015-03-08,PRODUCE,488.0
2015-03-09,PRODUCE,53.0
2015-03-10,PRODUCE,70.0
2015-03-11,PRODUCE,65.0
2015-03-12,PRODUCE,128.0
2015-03-13,PRODUCE,306.0
2015-03-14,PRODUCE,662.0
2015-03-15,PRODUCE,308.0
2015-03-16,PRODUCE,41.0
2015-03-17,PRODUCE,55.0
2015-03-18,PRODUCE,77.0
2015-03-19,PRODUCE,110.0
2015-03-20,PRODUCE,295.0
2015-03-21,PRODUCE,570.0
2015-03-22,PRODUCE,369.0
2015-03-23,PRODUCE,44.0
2015-03-24,PRODUCE,66.0
2015-03-25,PRODUCE,66.0
2015-03-26,PRODUCE,96.0
2015-03-27,PRODUCE,338.0
2015-03-28,PRODUCE,577.0
2015-03-29,PRODUCE,231.0
2015-03-30,PRODUCE,62.0
2015-03-31,PRODUCE,73.0
2015-04-01,PRODUCE,102.0
2015-04-02,PRODUCE,242.0
2015-04-03,PRODUCE,416.0
2015-04-04,PRODUCE,694.0
2015-04-05,PRODUCE,298.0
2015-04-06,PRODUCE,39.0
2015-04-07,PRODUCE,72.0
2015-04-08,PRODUCE,88.0
2015-04-09,PRODUCE,104.0
2015-04-10,PRODUCE,302.0
2015-04-11,PRODUCE,580.0
2015-04-12,PRODUCE,326.0
2015-04-13,PRODUCE,50.0
2015-04-14,PRODUCE,66.0
2015-04-15,PRODUCE,76.0
2015-04-16,PRODUCE,106.0
2015-04-17,PRODUCE,329.0
2015-04-18,PRODUCE,601.0
2015-04-19,PRODUCE,357.0
2015-04-20,PRODUCE,51.0
2015-04-21,PRODUCE,47.0
2015-04-22,PRODUCE,78.0
2015-04-23,PRODUCE,106.0
2015-04-24,PRODUCE,334.0
2015-04-25,PRODUCE,567.0
2015-04-26,PRODUCE,404.0
2015-04-27,PRODUCE,49.0
2015-04-28,PRODUCE,83.0
2015-04-29,PRODUCE,167.0
2015-04-30,PRODUCE,429.0
2015-05-01,PRODUCE,894.0
2015-05-02,PRODUCE,697.0
2015-05-03,PRODUCE,304.0
2015-05-04,PRODUCE,42.0
2015-05-05,PRODUCE,51.0
2015-05-06,PRODUCE,83.0
2015-05-07,PRODUCE,139.0
2015-05-08,PRODUCE,605.0
2015-05-09,PRODUCE,1495.0
2015-05-10,PRODUCE,1219.0
2015-05-11,PRODUCE,37.0
2015-05-12,PRODUCE,51.0
2015-05-13,PRODUCE,89.0
2015-05-14,PRODUCE,106.0
2015-05-15,PRODUCE,337.0
2015-05-16,PRODUCE,584.0
2015-05-17,PRODUCE,334.0
2015-05-18,PRODUCE,54.0
2015-05-19,PRODUCE,65.0
2015-05-20,PRODUCE,82.0
2015-05-21,PRODUCE,118.0
2015-05-22,PRODUCE,363.0
2015-05-23,PRODUCE,553.0
2015-05-24,PRODUCE,362.0
2015-05-25,PRODUCE,51.0
2015-05-26,PRODUCE,56.0
2015-05-27,PRODUCE,74.0
2015-05-28,PRODUCE,103.0
2015-05-29,PRODUCE,363.0
2015-05-30,PRODUCE,559.0
2015-05-31,PRODUCE,302.0
2015-06-01,PRODUCE,115242.9068
2015-06-02,PRODUCE,120367.661
2015-06-03,PRODUCE,152806.35902
2015-06-04,PRODUCE,90173.9701
2015-06-05,PRODUCE,97410.761
2015-06-06,PRODUCE,129070.0572
2015-06-07,PRODUCE,153590.71994
2015-06-08,PRODUCE,109757.55903
2015-06-09,PRODUCE,107666.3111
2015-06-10,PRODUCE,137377.6869
2015-06-11,PRODUCE,79850.119
2015-06-12,PRODUCE,94881.74797
2015-06-13,PRODUCE,125091.86598
2015-06-14,PRODUCE,145670.22697
2015-06-15,PRODUCE,109973.9947
2015-06-16,PRODUCE,115598.51
2015-06-17,PRODUCE,145428.9741
2015-06-18,PRODUCE,87593.8651
2015-06-19,PRODUCE,102804.28463
2015-06-20,PRODUCE,148067.8345
2015-06-21,PRODUCE,122266.561
2015-06-22,PRODUCE,112973.9259
2015-06-23,PRODUCE,113748.112
2015-06-24,PRODUCE,139986.153
2015-06-25,PRODUCE,82444.44095
2015-06-26,PRODUCE,92485.5887
2015-06-27,PRODUCE,125449.27917
2015-06-28,PRODUCE,147185.46903
2015-06-29,PRODUCE,104018.2352
2015-06-30,PRODUCE,110233.364
2015-07-01,PRODUCE,168078.684
2015-07-02,PRODUCE,100528.141
2015-07-03,PRODUCE,113193.95998
2015-07-04,PRODUCE,140237.1108
2015-07-05,PRODUCE,139023.8929
2015-07-06,PRODUCE,104761.9681
2015-07-07,PRODUCE,101869.57354
2015-07-08,PRODUCE,148482.4599
2015-07-09,PRODUCE,95882.34730000001
2015-07-10,PRODUCE,100258.50205
2015-07-11,PRODUCE,120104.33305
2015-07-12,PRODUCE,136959.8699
2015-07-13,PRODUCE,104220.9899
2015-07-14,PRODUCE,106608.167
2015-07-15,PRODUCE,138727.33711
2015-07-16,PRODUCE,88957.568
2015-07-17,PRODUCE,100783.492
2015-07-18,PRODUCE,124734.769
2015-07-19,PRODUCE,137289.0375
2015-07-20,PRODUCE,108811.159
2015-07-21,PRODUCE,105839.24003
2015-07-22,PRODUCE,136398.35080000001
2015-07-23,PRODUCE,84649.44797
2015-07-24,PRODUCE,97143.54700400001
2015-07-25,PRODUCE,118094.5709
2015-07-26,PRODUCE,134396.5292
2015-07-27,PRODUCE,106585.1473
2015-07-28,PRODUCE,103990.6125
2015-07-29,PRODUCE,133356.13753
2015-07-30,PRODUCE,83037.75368
2015-07-31,PRODUCE,100138.091
2015-08-01,PRODUCE,135998.6691
2015-08-02,PRODUCE,145339.75595
2015-08-03,PRODUCE,118387.83903
2015-08-04,PRODUCE,118632.00899999999
2015-08-05,PRODUCE,141218.54502
2015-08-06,PRODUCE,85066.3147
2015-08-07,PRODUCE,94648.00401
2015-08-08,PRODUCE,110496.658
2015-08-09,PRODUCE,99715.4981
2015-08-10,PRODUCE,118032.35607
2015-08-11,PRODUCE,118112.8569
2015-08-12,PRODUCE,141380.8219
2015-08-13,PRODUCE,87805.36805
2015-08-14,PRODUCE,101593.362
2015-08-15,PRODUCE,128147.178
2015-08-16,PRODUCE,131493.9271
2015-08-17,PRODUCE,102769.5989
2015-08-18,PRODUCE,106468.225
2015-08-19,PRODUCE,132449.57997
2015-08-20,PRODUCE,84588.253
2015-08-21,PRODUCE,98670.76415
2015-08-22,PRODUCE,121189.0797
2015-08-23,PRODUCE,131169.49420000002
2015-08-24,PRODUCE,108400.8749
2015-08-25,PRODUCE,108333.02353
2015-08-26,PRODUCE,133021.0068
2015-08-27,PRODUCE,81979.1333
2015-08-28,PRODUCE,94942.2403
2015-08-29,PRODUCE,125521.825
2015-08-30,PRODUCE,143785.5068
2015-08-31,PRODUCE,112894.1552
2015-09-01,PRODUCE,134077.70307000002
2015-09-02,PRODUCE,162776.03853
2015-09-03,PRODUCE,94829.481
2015-09-04,PRODUCE,100058.58167
2015-09-05,PRODUCE,139477.37446
2015-09-06,PRODUCE,150344.77497
2015-09-07,PRODUCE,108926.03401999999
2015-09-08,PRODUCE,106967.601
2015-09-09,PRODUCE,140083.5329
2015-09-10,PRODUCE,83793.296
2015-09-11,PRODUCE,96079.124
2015-09-12,PRODUCE,129991.41299
2015-09-13,PRODUCE,148076.4229
2015-09-14,PRODUCE,103345.16805000001
2015-09-15,PRODUCE,112422.279
2015-09-16,PRODUCE,149044.843
2015-09-17,PRODUCE,87588.1321
2015-09-18,PRODUCE,97291.8289
2015-09-19,PRODUCE,132714.97002
2015-09-20,PRODUCE,147855.3268
2015-09-21,PRODUCE,108104.99
2015-09-22,PRODUCE,107866.41211
2015-09-23,PRODUCE,142872.0
2015-09-24,PRODUCE,83536.2709
2015-09-25,PRODUCE,96045.03998
2015-09-26,PRODUCE,129164.15819
2015-09-27,PRODUCE,149648.9695
2015-09-28,PRODUCE,106175.46697
2015-09-29,PRODUCE,105870.3101
2015-09-30,PRODUCE,144032.05102
2015-10-01,PRODUCE,106422.66297
2015-10-02,PRODUCE,113918.71485
2015-10-03,PRODUCE,147928.57858
2015-10-04,PRODUCE,162118.1186
2015-10-05,PRODUCE,114224.05502
2015-10-06,PRODUCE,108551.74
2015-10-07,PRODUCE,140933.0445
2015-10-08,PRODUCE,83832.243
2015-10-09,PRODUCE,119124.96399999999
2015-10-10,PRODUCE,116239.40398
2015-10-11,PRODUCE,131431.61003
2015-10-12,PRODUCE,108333.14619
2015-10-13,PRODUCE,101088.5079
2015-10-14,PRODUCE,142987.49031
2015-10-15,PRODUCE,87822.742
2015-10-16,PRODUCE,102188.1178
2015-10-17,PRODUCE,133945.612
2015-10-18,PRODUCE,150614.1239
2015-10-19,PRODUCE,106780.221
2015-10-20,PRODUCE,111362.9682
2015-10-21,PRODUCE,144549.26499
2015-10-22,PRODUCE,83880.69999
2015-10-23,PRODUCE,97246.4072
2015-10-24,PRODUCE,126398.1947
2015-10-25,PRODUCE,148156.0749
2015-10-26,PRODUCE,103145.8643
2015-10-27,PRODUCE,100820.10107
2015-10-28,PRODUCE,129843.7033
2015-10-29,PRODUCE,76896.39885
2015-10-30,PRODUCE,93025.0571
2015-10-31,PRODUCE,121896.619
2015-11-01,PRODUCE,108396.61502
2015-11-02,PRODUCE,105348.7268
2015-11-03,PRODUCE,153780.87303000002
2015-11-04,PRODUCE,169347.64202
2015-11-05,PRODUCE,99421.62789999999
2015-11-06,PRODUCE,102301.996
2015-11-07,PRODUCE,133678.6152
2015-11-08,PRODUCE,156989.673
2015-11-09,PRODUCE,103455.192
2015-11-10,PRODUCE,106535.1081
2015-11-11,PRODUCE,143779.8473
2015-11-12,PRODUCE,78201.59397
2015-11-13,PRODUCE,96561.27701
2015-11-14,PRODUCE,128584.72
2015-11-15,PRODUCE,156104.6478
2015-11-16,PRODUCE,111947.71602
2015-11-17,PRODUCE,108306.175
2015-11-18,PRODUCE,147573.334
2015-11-19,PRODUCE,88742.53327
2015-11-20,PRODUCE,102651.0951
2015-11-21,PRODUCE,131286.73477
2015-11-22,PRODUCE,154905.3419
2015-11-23,PRODUCE,109782.24507
2015-11-24,PRODUCE,109745.61290000001
2015-11-25,PRODUCE,145405.0521
2015-11-26,PRODUCE,84477.71903000001
2015-11-27,PRODUCE,93467.268
2015-11-28,PRODUCE,122478.69089
2015-11-29,PRODUCE,155857.50501
2015-11-30,PRODUCE,115085.63607000001
2015-12-01,PRODUCE,132101.9198
2015-12-02,PRODUCE,164867.77403
2015-12-03,PRODUCE,93775.1719
2015-12-04,PRODUCE,100223.70496999999
2015-12-05,PRODUCE,131006.479
2015-12-06,PRODUCE,160845.2514
2015-12-07,PRODUCE,119903.112
2015-12-08,PRODUCE,116728.39199999999
2015-12-09,PRODUCE,151500.259
2015-12-10,PRODUCE,88402.81961400001
2015-12-11,PRODUCE,102183.62198
2015-12-12,PRODUCE,126844.101
2015-12-13,PRODUCE,146698.85603
2015-12-14,PRODUCE,112864.4871
2015-12-15,PRODUCE,116272.57830000001
2015-12-16,PRODUCE,153799.76499999998
2015-12-17,PRODUCE,102398.272
2015-12-18,PRODUCE,108968.93698
2015-12-19,PRODUCE,138249.7715
2015-12-20,PRODUCE,153056.346
2015-12-21,PRODUCE,136295.199
2015-12-22,PRODUCE,157344.2945
2015-12-23,PRODUCE,200580.75950000001
2015-12-24,PRODUCE,177912.1342
2015-12-26,PRODUCE,126146.77877
2015-12-27,PRODUCE,115628.0721
2015-12-28,PRODUCE,115887.65298
2015-12-29,PRODUCE,136059.71213
2015-12-30,PRODUCE,191467.227
2015-12-31,PRODUCE,174551.9904
2016-01-01,PRODUCE,2384.509
2016-01-02,PRODUCE,146126.164
2016-01-03,PRODUCE,183392.0229
2016-01-04,PRODUCE,155059.5071
2016-01-05,PRODUCE,141014.1231
2016-01-06,PRODUCE,171846.15883
2016-01-07,PRODUCE,105482.505
2016-01-08,PRODUCE,114415.12697
2016-01-09,PRODUCE,152089.42112
2016-01-10,PRODUCE,168121.595
2016-01-11,PRODUCE,115119.50798
2016-01-12,PRODUCE,117820.55608
2016-01-13,PRODUCE,146877.6391
2016-01-14,PRODUCE,92251.7231
2016-01-15,PRODUCE,105489.716
2016-01-16,PRODUCE,147971.54543
2016-01-17,PRODUCE,162589.3662
2016-01-18,PRODUCE,117358.909
2016-01-19,PRODUCE,113662.4959
2016-01-20,PRODUCE,159968.81
2016-01-21,PRODUCE,90733.81299
2016-01-22,PRODUCE,105194.3711
2016-01-23,PRODUCE,140918.2799
2016-01-24,PRODUCE,156731.1981
2016-01-25,PRODUCE,111649.04208
2016-01-26,PRODUCE,111866.772
2016-01-27,PRODUCE,146746.772
2016-01-28,PRODUCE,87981.7459
2016-01-29,PRODUCE,103429.102
2016-01-30,PRODUCE,142242.5899
2016-01-31,PRODUCE,164056.60820000002
2016-02-01,PRODUCE,129611.95492999999
2016-02-02,PRODUCE,123144.2959
2016-02-03,PRODUCE,150232.335
2016-02-04,PRODUCE,90242.804
2016-02-05,PRODUCE,111939.893
2016-02-06,PRODUCE,130977.22399
2016-02-07,PRODUCE,101176.92902
2016-02-08,PRODUCE,98661.0472
2016-02-09,PRODUCE,130201.49723
2016-02-10,PRODUCE,162649.2649
2016-02-11,PRODUCE,103859.2651
2016-02-12,PRODUCE,110361.46702
2016-02-13,PRODUCE,131784.494
2016-02-14,PRODUCE,147827.21842
2016-02-15,PRODUCE,122453.712
2016-02-16,PRODUCE,127452.0641
2016-02-17,PRODUCE,157338.88009
2016-02-18,PRODUCE,90950.92502
2016-02-19,PRODUCE,108399.6805
2016-02-20,PRODUCE,135390.41806
2016-02-21,PRODUCE,155580.9671
2016-02-22,PRODUCE,114161.7652
2016-02-23,PRODUCE,111520.9171
2016-02-24,PRODUCE,144254.789
2016-02-25,PRODUCE,88207.7798
2016-02-26,PRODUCE,101550.40672
2016-02-27,PRODUCE,138361.4998
2016-02-28,PRODUCE,153230.93237
2016-02-29,PRODUCE,113484.165
2016-03-01,PRODUCE,136427.1013
2016-03-02,PRODUCE,163822.37973
2016-03-03,PRODUCE,95856.22433
2016-03-04,PRODUCE,107956.75281
2016-03-05,PRODUCE,143532.676
2016-03-06,PRODUCE,157286.18808
2016-03-07,PRODUCE,110206.5171
2016-03-08,PRODUCE,107501.382
2016-03-09,PRODUCE,149485.4699
2016-03-10,PRODUCE,87946.89378
2016-03-11,PRODUCE,104588.00198
2016-03-12,PRODUCE,134620.91202
2016-03-13,PRODUCE,146734.01499999998
2016-03-14,PRODUCE,108624.4311
2016-03-15,PRODUCE,117789.9965
2016-03-16,PRODUCE,157275.82288
2016-03-17,PRODUCE,91250.20402
2016-03-18,PRODUCE,104260.86
2016-03-19,PRODUCE,135441.0299
2016-03-20,PRODUCE,144129.3112
2016-03-21,PRODUCE,111077.18201
2016-03-22,PRODUCE,111574.369
2016-03-23,PRODUCE,144964.3661
2016-03-24,PRODUCE,101982.99602
2016-03-25,PRODUCE,95766.147
2016-03-26,PRODUCE,118603.25153
2016-03-27,PRODUCE,130471.4999
2016-03-28,PRODUCE,111591.95567
2016-03-29,PRODUCE,116029.6311
2016-03-30,PRODUCE,144538.47202000002
2016-03-31,PRODUCE,95477.33099999999
2016-04-01,PRODUCE,118196.643
2016-04-02,PRODUCE,150942.295
2016-04-03,PRODUCE,176939.268
2016-04-04,PRODUCE,115502.60502
2016-04-05,PRODUCE,119102.3621
2016-04-06,PRODUCE,149529.6861
2016-04-07,PRODUCE,88619.7411
2016-04-08,PRODUCE,103357.6002
2016-04-09,PRODUCE,131206.6442
2016-04-10,PRODUCE,148433.069
2016-04-11,PRODUCE,102232.9469
2016-04-12,PRODUCE,110990.8762
2016-04-13,PRODUCE,139401.999
2016-04-14,PRODUCE,84260.696
2016-04-15,PRODUCE,101533.07703
2016-04-16,PRODUCE,125909.35800000001
2016-04-17,PRODUCE,149059.29498
2016-04-18,PRODUCE,112011.00600000001
2016-04-19,PRODUCE,115438.4381
2016-04-20,PRODUCE,146636.59393
2016-04-21,PRODUCE,89936.25019
2016-04-22,PRODUCE,102203.618
2016-04-23,PRODUCE,133602.5629
2016-04-24,PRODUCE,143089.895
2016-04-25,PRODUCE,98165.14683
2016-04-26,PRODUCE,104788.2973
2016-04-27,PRODUCE,139792.372
2016-04-28,PRODUCE,80519.75699
2016-04-29,PRODUCE,100627.76799000001
2016-04-30,PRODUCE,139297.61807
2016-05-01,PRODUCE,167009.30661
2016-05-02,PRODUCE,117099.21533
2016-05-03,PRODUCE,119967.5192
2016-05-04,PRODUCE,154012.9781
2016-05-05,PRODUCE,89620.394
2016-05-06,PRODUCE,112508.59098
2016-05-07,PRODUCE,158426.3
2016-05-08,PRODUCE,117638.373
2016-05-09,PRODUCE,112427.571
2016-05-10,PRODUCE,110497.55602
2016-05-11,PRODUCE,150058.806036
2016-05-12,PRODUCE,89442.31
2016-05-13,PRODUCE,102854.0291
2016-05-14,PRODUCE,134814.1152
2016-05-15,PRODUCE,157235.5832
2016-05-16,PRODUCE,116322.4039
2016-05-17,PRODUCE,116300.64387
2016-05-18,PRODUCE,142438.5703
2016-05-19,PRODUCE,91395.83916
2016-05-20,PRODUCE,108349.2269
2016-05-21,PRODUCE,136765.5131
2016-05-22,PRODUCE,153334.97
2016-05-23,PRODUCE,109373.9763
2016-05-24,PRODUCE,105188.1012
2016-05-25,PRODUCE,138261.09373
2016-05-26,PRODUCE,90596.48303
2016-05-27,PRODUCE,126962.7953
2016-05-28,PRODUCE,118485.74601999999
2016-05-29,PRODUCE,137987.57003
2016-05-30,PRODUCE,113950.7752
2016-05-31,PRODUCE,133670.2569
2016-06-01,PRODUCE,154485.6841
2016-06-02,PRODUCE,98354.81178
2016-06-03,PRODUCE,104175.06496999999
2016-06-04,PRODUCE,140277.5379
2016-06-05,PRODUCE,156718.029
2016-06-06,PRODUCE,109334.41089
2016-06-07,PRODUCE,111951.48321
2016-06-08,PRODUCE,143989.6849
2016-06-09,PRODUCE,85824.4839
2016-06-10,PRODUCE,98555.2877
2016-06-11,PRODUCE,125245.29603
2016-06-12,PRODUCE,140680.685
2016-06-13,PRODUCE,107371.4531
2016-06-14,PRODUCE,109634.89302
2016-06-15,PRODUCE,147754.62198
2016-06-16,PRODUCE,93288.78303
2016-06-17,PRODUCE,110224.4222
2016-06-18,PRODUCE,150521.2979
2016-06-19,PRODUCE,124763.55298000001
2016-06-20,PRODUCE,109145.2949
2016-06-21,PRODUCE,113519.463
2016-06-22,PRODUCE,141228.6612
2016-06-23,PRODUCE,86849.51353
2016-06-24,PRODUCE,96588.787
2016-06-25,PRODUCE,130493.893
2016-06-26,PRODUCE,143579.901
2016-06-27,PRODUCE,104487.06303
2016-06-28,PRODUCE,104125.732
2016-06-29,PRODUCE,133176.537
2016-06-30,PRODUCE,83706.456
2016-07-01,PRODUCE,117024.16899
2016-07-02,PRODUCE,141802.4468
2016-07-03,PRODUCE,152959.676
2016-07-04,PRODUCE,117381.7879
2016-07-05,PRODUCE,116673.53
2016-07-06,PRODUCE,146525.3875
2016-07-07,PRODUCE,85655.574
2016-07-08,PRODUCE,102132.189
2016-07-09,PRODUCE,125279.3729
2016-07-10,PRODUCE,136741.7039
2016-07-11,PRODUCE,103746.323
2016-07-12,PRODUCE,108638.08117
2016-07-13,PRODUCE,135897.88905
2016-07-14,PRODUCE,82938.08803
2016-07-15,PRODUCE,99865.368
2016-07-16,PRODUCE,128279.579
2016-07-17,PRODUCE,135970.52571
2016-07-18,PRODUCE,107910.614
2016-07-19,PRODUCE,109814.9043
2016-07-20,PRODUCE,139282.85602
2016-07-21,PRODUCE,85961.173
2016-07-22,PRODUCE,97126.2123
2016-07-23,PRODUCE,119585.09698
2016-07-24,PRODUCE,125568.918
2016-07-25,PRODUCE,106650.17207
2016-07-26,PRODUCE,105798.599
2016-07-27,PRODUCE,131414.76094
2016-07-28,PRODUCE,81473.90403
2016-07-29,PRODUCE,98806.963
2016-07-30,PRODUCE,125017.38597
2016-07-31,PRODUCE,138034.1872
2016-08-01,PRODUCE,121880.7121
2016-08-02,PRODUCE,117085.99190000001
2016-08-03,PRODUCE,145292.40698
2016-08-04,PRODUCE,87929.84921
2016-08-05,PRODUCE,99641.2062
2016-08-06,PRODUCE,116783.75499
2016-08-07,PRODUCE,127529.23079
2016-08-08,PRODUCE,106103.5959
2016-08-09,PRODUCE,103758.71303
2016-08-10,PRODUCE,126806.62512
2016-08-11,PRODUCE,85095.61397
2016-08-12,PRODUCE,105803.7712
2016-08-13,PRODUCE,101316.139
2016-08-14,PRODUCE,110779.37299999999
2016-08-15,PRODUCE,108867.44900000001
2016-08-16,PRODUCE,117288.8584
2016-08-17,PRODUCE,142100.151
2016-08-18,PRODUCE,83638.274
2016-08-19,PRODUCE,97872.593804
2016-08-20,PRODUCE,120558.7378
2016-08-21,PRODUCE,132526.01088000002
2016-08-22,PRODUCE,110616.1539
2016-08-23,PRODUCE,109768.156
2016-08-24,PRODUCE,135284.767
2016-08-25,PRODUCE,82983.34513
2016-08-26,PRODUCE,97482.48889
2016-08-27,PRODUCE,117167.63653999999
2016-08-28,PRODUCE,127553.57901
2016-08-29,PRODUCE,104421.7298
2016-08-30,PRODUCE,105440.503
2016-08-31,PRODUCE,140528.05896
2016-09-01,PRODUCE,96261.908
2016-09-02,PRODUCE,110811.79877
2016-09-03,PRODUCE,137737.0399
2016-09-04,PRODUCE,144954.3876
2016-09-05,PRODUCE,110104.679
2016-09-06,PRODUCE,115898.162
2016-09-07,PRODUCE,142809.14899
2016-09-08,PRODUCE,85680.68464
2016-09-09,PRODUCE,96152.01699999999
2016-09-10,PRODUCE,128750.47112
2016-09-11,PRODUCE,142536.2271
2016-09-12,PRODUCE,102988.53908
2016-09-13,PRODUCE,104210.545
2016-09-14,PRODUCE,133177.48699
2016-09-15,PRODUCE,82817.72502
2016-09-16,PRODUCE,100497.35234
2016-09-17,PRODUCE,130363.1645
2016-09-18,PRODUCE,145619.11557999998
2016-09-19,PRODUCE,104423.301
2016-09-20,PRODUCE,109630.6449
2016-09-21,PRODUCE,137831.309
2016-09-22,PRODUCE,82191.65610000001
2016-09-23,PRODUCE,100287.53177
2016-09-24,PRODUCE,125216.33904
2016-09-25,PRODUCE,141707.37
2016-09-26,PRODUCE,102474.46232
2016-09-27,PRODUCE,102597.3858
2016-09-28,PRODUCE,133065.47403
2016-09-29,PRODUCE,77462.85907
2016-09-30,PRODUCE,98878.82197
2016-10-01,PRODUCE,147899.16128
2016-10-02,PRODUCE,167616.069
2016-10-03,PRODUCE,115239.28297
2016-10-04,PRODUCE,111537.23
2016-10-05,PRODUCE,144696.086
2016-10-06,PRODUCE,84512.4622
2016-10-07,PRODUCE,104712.76221
2016-10-08,PRODUCE,135984.2709
2016-10-09,PRODUCE,156253.834
2016-10-10,PRODUCE,111717.9859
2016-10-11,PRODUCE,111443.614
2016-10-12,PRODUCE,144451.53872
2016-10-13,PRODUCE,84177.813
2016-10-14,PRODUCE,102528.405
2016-10-15,PRODUCE,130338.265
2016-10-16,PRODUCE,161055.9922
2016-10-17,PRODUCE,113424.59497
2016-10-18,PRODUCE,106860.822
2016-10-19,PRODUCE,138579.652
2016-10-20,PRODUCE,90478.11412
2016-10-21,PRODUCE,103681.18397
2016-10-22,PRODUCE,124247.48
2016-10-23,PRODUCE,149830.874
2016-10-24,PRODUCE,103186.31506
2016-10-25,PRODUCE,108796.62
2016-10-26,PRODUCE,133634.09562
2016-10-27,PRODUCE,77873.08988
2016-10-28,PRODUCE,90014.1701
2016-10-29,PRODUCE,112100.80197
2016-10-30,PRODUCE,122866.2062
2016-10-31,PRODUCE,83629.75702
2016-11-01,PRODUCE,110844.053
2016-11-02,PRODUCE,140817.198
2016-11-03,PRODUCE,97017.97899
2016-11-04,PRODUCE,106851.84541
2016-11-05,PRODUCE,109198.9847
2016-11-06,PRODUCE,148466.493
2016-11-07,PRODUCE,122608.58197
2016-11-08,PRODUCE,120888.00239
2016-11-09,PRODUCE,151094.28902999999
2016-11-10,PRODUCE,82815.596
2016-11-11,PRODUCE,97381.198
2016-11-12,PRODUCE,124164.38103
2016-11-13,PRODUCE,159990.8963
2016-11-14,PRODUCE,104422.07399
2016-11-15,PRODUCE,106354.06
2016-11-16,PRODUCE,151705.19888
2016-11-17,PRODUCE,87913.11397
2016-11-18,PRODUCE,102969.51783
2016-11-19,PRODUCE,128935.16
2016-11-20,PRODUCE,156388.32511
2016-11-21,PRODUCE,112803.9229
2016-11-22,PRODUCE,111499.34
2016-11-23,PRODUCE,149322.33441
2016-11-24,PRODUCE,85241.55613
2016-11-25,PRODUCE,97871.952
2016-11-26,PRODUCE,122751.04427
2016-11-27,PRODUCE,147993.101
2016-11-28,PRODUCE,112015.04400000001
2016-11-29,PRODUCE,108805.6412
2016-11-30,PRODUCE,146104.92429
2016-12-01,PRODUCE,100245.89603
2016-12-02,PRODUCE,108082.59399
2016-12-03,PRODUCE,135894.73003
2016-12-04,PRODUCE,159847.58322
2016-12-05,PRODUCE,106862.22903
2016-12-06,PRODUCE,134159.5761
2016-12-07,PRODUCE,153807.441
2016-12-08,PRODUCE,91172.7219
2016-12-09,PRODUCE,105139.791
2016-12-10,PRODUCE,119633.42
2016-12-11,PRODUCE,146922.886
2016-12-12,PRODUCE,108266.47290000001
2016-12-13,PRODUCE,114022.6098
2016-12-14,PRODUCE,145507.435
2016-12-15,PRODUCE,94253.7169
2016-12-16,PRODUCE,111633.507
2016-12-17,PRODUCE,131549.1912
2016-12-18,PRODUCE,155663.9546
2016-12-19,PRODUCE,122554.20388
2016-12-20,PRODUCE,135833.595
2016-12-21,PRODUCE,179251.71297
2016-12-22,PRODUCE,140444.942
2016-12-23,PRODUCE,176327.96600000001
2016-12-24,PRODUCE,188809.162
2016-12-26,PRODUCE,133689.661
2016-12-27,PRODUCE,130069.1001
2016-12-28,PRODUCE,160229.2219
2016-12-29,PRODUCE,126652.83899999999
2016-12-30,PRODUCE,175022.194
2016-12-31,PRODUCE,184154.669
2017-01-01,PRODUCE,1682.844
2017-01-02,PRODUCE,184113.0289
2017-01-03,PRODUCE,183306.2268
2017-01-04,PRODUCE,187242.1896
2017-01-05,PRODUCE,111743.098
2017-01-06,PRODUCE,121280.8321
2017-01-07,PRODUCE,149336.7779
2017-01-08,PRODUCE,162142.03705
2017-01-09,PRODUCE,113244.155
2017-01-10,PRODUCE,122204.1531
2017-01-11,PRODUCE,157241.45103
2017-01-12,PRODUCE,94540.97203
2017-01-13,PRODUCE,112292.71927
2017-01-14,PRODUCE,143640.7482
2017-01-15,PRODUCE,164374.71
2017-01-16,PRODUCE,120855.1721
2017-01-17,PRODUCE,124250.2049
2017-01-18,PRODUCE,160499.0907
2017-01-19,PRODUCE,90243.9799
2017-01-20,PRODUCE,108341.387
2017-01-21,PRODUCE,153859.66097
2017-01-22,PRODUCE,167489.5115
2017-01-23,PRODUCE,117111.4261
2017-01-24,PRODUCE,121371.36689
2017-01-25,PRODUCE,154964.40788
2017-01-26,PRODUCE,89687.188
2017-01-27,PRODUCE,108342.701
2017-01-28,PRODUCE,141476.8201
2017-01-29,PRODUCE,156586.304
2017-01-30,PRODUCE,107300.76703
2017-01-31,PRODUCE,130130.9679
2017-02-01,PRODUCE,180631.3989
2017-02-02,PRODUCE,103550.3658
2017-02-03,PRODUCE,115459.8568
2017-02-04,PRODUCE,149599.11145
2017-02-05,PRODUCE,160564.32813
2017-02-06,PRODUCE,115803.0482
2017-02-07,PRODUCE,125034.31633
2017-02-08,PRODUCE,157578.43623
2017-02-09,PRODUCE,95425.87593
2017-02-10,PRODUCE,114692.55687
2017-02-11,PRODUCE,139090.155
2017-02-12,PRODUCE,157674.38999999998
2017-02-13,PRODUCE,121067.266
2017-02-14,PRODUCE,112781.163
2017-02-15,PRODUCE,157831.072
2017-02-16,PRODUCE,95892.37803
2017-02-17,PRODUCE,115640.6651
2017-02-18,PRODUCE,155227.737
2017-02-19,PRODUCE,123456.217
2017-02-20,PRODUCE,113381.9289
2017-02-21,PRODUCE,121860.132
2017-02-22,PRODUCE,147310.6254
2017-02-23,PRODUCE,93296.60902
2017-02-24,PRODUCE,111756.46598
2017-02-25,PRODUCE,135490.36601
2017-02-26,PRODUCE,104141.39295
2017-02-27,PRODUCE,101270.41
2017-02-28,PRODUCE,145824.505
2017-03-01,PRODUCE,187648.14097
2017-03-02,PRODUCE,118747.003
2017-03-03,PRODUCE,129347.01911
2017-03-04,PRODUCE,147338.8162
2017-03-05,PRODUCE,160039.54912
2017-03-06,PRODUCE,111966.00912999999
2017-03-07,PRODUCE,126012.519
2017-03-08,PRODUCE,153886.436
2017-03-09,PRODUCE,96172.034
2017-03-10,PRODUCE,110633.82691
2017-03-11,PRODUCE,138016.39783
2017-03-12,PRODUCE,160320.01
2017-03-13,PRODUCE,112274.1521
2017-03-14,PRODUCE,119961.2556
2017-03-15,PRODUCE,161224.9953
2017-03-16,PRODUCE,97076.61781
2017-03-17,PRODUCE,113170.05732
2017-03-18,PRODUCE,139267.04003
2017-03-19,PRODUCE,158993.8688
2017-03-20,PRODUCE,120482.91692
2017-03-21,PRODUCE,124758.4691
2017-03-22,PRODUCE,153791.19094
2017-03-23,PRODUCE,89006.72800999999
2017-03-24,PRODUCE,107276.9728
2017-03-25,PRODUCE,136181.705
2017-03-26,PRODUCE,149023.5519
2017-03-27,PRODUCE,110965.716
2017-03-28,PRODUCE,111833.7387
2017-03-29,PRODUCE,155619.104
2017-03-30,PRODUCE,89323.644
2017-03-31,PRODUCE,122156.8139
2017-04-01,PRODUCE,183265.5323
2017-04-02,PRODUCE,137925.6279
2017-04-03,PRODUCE,103579.914
2017-04-04,PRODUCE,123878.9229
2017-04-05,PRODUCE,156538.89397
2017-04-06,PRODUCE,91817.6801
2017-04-07,PRODUCE,106119.922
2017-04-08,PRODUCE,131890.91401
2017-04-09,PRODUCE,149727.05701
2017-04-10,PRODUCE,104994.853026
2017-04-11,PRODUCE,117626.8942
2017-04-12,PRODUCE,146053.25303
2017-04-13,PRODUCE,103799.8892
2017-04-14,PRODUCE,98551.67501
2017-04-15,PRODUCE,118001.23698
2017-04-16,PRODUCE,136626.8241
2017-04-17,PRODUCE,115072.02088
2017-04-18,PRODUCE,122926.80178
2017-04-19,PRODUCE,150861.6241
2017-04-20,PRODUCE,99341.3709
2017-04-21,PRODUCE,115478.073
2017-04-22,PRODUCE,134587.308
2017-04-23,PRODUCE,153961.1297
2017-04-24,PRODUCE,105016.26999
2017-04-25,PRODUCE,117557.4206
2017-04-26,PRODUCE,154077.84100000001
2017-04-27,PRODUCE,89218.8541
2017-04-28,PRODUCE,111904.023
2017-04-29,PRODUCE,140346.73192
2017-04-30,PRODUCE,136304.71
2017-05-01,PRODUCE,167558.576
2017-05-02,PRODUCE,143387.57510000002
2017-05-03,PRODUCE,171768.9
2017-05-04,PRODUCE,98646.095
2017-05-05,PRODUCE,108662.378
2017-05-06,PRODUCE,140355.68797
2017-05-07,PRODUCE,166040.73097
2017-05-08,PRODUCE,113041.193
2017-05-09,PRODUCE,121685.38893
2017-05-10,PRODUCE,156932.2731
2017-05-11,PRODUCE,90412.928
2017-05-12,PRODUCE,113573.528
2017-05-13,PRODUCE,167037.76097
2017-05-14,PRODUCE,129442.522
2017-05-15,PRODUCE,119972.282
2017-05-16,PRODUCE,133869.5541
2017-05-17,PRODUCE,166802.7749
2017-05-18,PRODUCE,91756.922
2017-05-19,PRODUCE,111261.7918
2017-05-20,PRODUCE,142857.93693
2017-05-21,PRODUCE,169556.52304
2017-05-22,PRODUCE,115290.9681
2017-05-23,PRODUCE,120140.44
2017-05-24,PRODUCE,150621.8632
2017-05-25,PRODUCE,93178.08302
2017-05-26,PRODUCE,136728.88403000002
2017-05-27,PRODUCE,127602.96220000001
2017-05-28,PRODUCE,148853.38077
2017-05-29,PRODUCE,117128.7141
2017-05-30,PRODUCE,124015.70598
2017-05-31,PRODUCE,160848.4135
2017-06-01,PRODUCE,105935.2799
2017-06-02,PRODUCE,123526.768
2017-06-03,PRODUCE,149040.934
2017-06-04,PRODUCE,180153.6175
2017-06-05,PRODUCE,122218.7411
2017-06-06,PRODUCE,127029.62198
2017-06-07,PRODUCE,165268.42307
2017-06-08,PRODUCE,92185.726
2017-06-09,PRODUCE,112965.04103
2017-06-10,PRODUCE,133761.407
2017-06-11,PRODUCE,166293.979
2017-06-12,PRODUCE,114176.76888
2017-06-13,PRODUCE,123017.4998
2017-06-14,PRODUCE,159293.07903
2017-06-15,PRODUCE,97013.24403
2017-06-16,PRODUCE,124173.9535
2017-06-17,PRODUCE,165171.2549
2017-06-18,PRODUCE,137194.42902
2017-06-19,PRODUCE,118277.07673
2017-06-20,PRODUCE,129791.265
2017-06-21,PRODUCE,156459.2463
2017-06-22,PRODUCE,90698.878
2017-06-23,PRODUCE,112962.568
2017-06-24,PRODUCE,138565.682
2017-06-25,PRODUCE,155953.9088
2017-06-26,PRODUCE,113866.377
2017-06-27,PRODUCE,118274.7379
2017-06-28,PRODUCE,154674.94002
2017-06-29,PRODUCE,92482.67185
2017-06-30,PRODUCE,113161.5359
2017-07-01,PRODUCE,155487.6309
2017-07-02,PRODUCE,172890.1386
2017-07-03,PRODUCE,130389.19902
2017-07-04,PRODUCE,131534.54802
2017-07-05,PRODUCE,163804.33003
2017-07-06,PRODUCE,99395.60498
2017-07-07,PRODUCE,114346.5741
2017-07-08,PRODUCE,139294.773
2017-07-09,PRODUCE,156633.9205
2017-07-10,PRODUCE,118856.99105
2017-07-11,PRODUCE,122176.3577
2017-07-12,PRODUCE,152978.41097
2017-07-13,PRODUCE,92111.273
2017-07-14,PRODUCE,110263.0792
2017-07-15,PRODUCE,133166.714
2017-07-16,PRODUCE,157883.056
2017-07-17,PRODUCE,119026.4402
2017-07-18,PRODUCE,118281.401
2017-07-19,PRODUCE,150952.69806999998
2017-07-20,PRODUCE,97593.16687
2017-07-21,PRODUCE,110555.1281
2017-07-22,PRODUCE,130700.67968
2017-07-23,PRODUCE,146226.4572
2017-07-24,PRODUCE,117117.09501
2017-07-25,PRODUCE,115457.6587
2017-07-26,PRODUCE,145917.9191
2017-07-27,PRODUCE,90481.2861
2017-07-28,PRODUCE,111948.89
2017-07-29,PRODUCE,131988.66197
2017-07-30,PRODUCE,146045.795
2017-07-31,PRODUCE,121885.5918
2017-08-01,PRODUCE,140895.7281
2017-08-02,PRODUCE,168636.3691
2017-08-03,PRODUCE,96779.92912
2017-08-04,PRODUCE,112283.25133
2017-08-05,PRODUCE,130624.3885
2017-08-06,PRODUCE,144455.714
2017-08-07,PRODUCE,114001.20483
2017-08-08,PRODUCE,117100.9151
2017-08-09,PRODUCE,143806.117
2017-08-10,PRODUCE,90194.304
2017-08-11,PRODUCE,118738.143
2017-08-12,PRODUCE,111788.3509
2017-08-13,PRODUCE,125923.8024
2017-08-14,PRODUCE,115257.59598
2017-08-15,PRODUCE,125108.971
